id_colaborador;genero;nivel;data_admissao;data_promocao;promocao;salario_base;percentual_bonus;remuneracao_total;id_departamento;id_filial;id_reporta_a;processos_ativos;horas_extras_mes;score_satisfacao;home_office;status_atual;desligado;bonus;nome_departamento;id_chefe_departamento;cidade;estado;id_socio_diretor
1;Não-binário;Júnior;2024-09-07;;0;3834.82;0.0;3834.82;10;1;501;14;8.0;;0;Ativo;0;0;Civil;100;Salvador;BA;501
2;Não-binário;Pleno;2022-05-09;;0;7267.8;15.0;8357.97;10;2;300;16;8.0;4.9;1;Desligado;1;1;Civil;100;São Paulo;SP;502
3;Masculino;Júnior;2025-01-02;;0;4771.24;1.0;4818.95;10;1;501;29;11.0;4.7;1;Ativo;0;1;Civil;100;Salvador;BA;501
4;Não-binário;Pleno;2020-04-03;;0;7819.21;14.0;8913.9;30;2;300;32;13.0;3.5;0;Desligado;1;1;Corporativo;300;São Paulo;SP;502
5;Não-binário;Júnior;2025-09-15;;0;4452.47;5.0;4675.09;20;3;300;46;42.0;2.2;0;Desligado;1;1;Trabalhista;200;Rio de Janeiro;RJ;503
6;Feminino;Júnior;2025-08-03;;0;4814.55;4.0;5007.13;40;3;501;16;9.0;4.5;1;Ativo;0;1;Tributário;400;Rio de Janeiro;RJ;503
7;Não-binário;Júnior;2025-01-05;;0;3828.98;10.0;4211.88;30;4;400;17;15.0;4.3;1;Ativo;0;1;Corporativo;300;Belo Horizonte;MG;504
8;Não-binário;Pleno;2023-02-07;;0;5534.44;20.0;6641.33;40;4;400;15;11.0;4.0;1;Desligado;1;1;Tributário;400;Belo Horizonte;MG;504
9;Não-binário;Pleno;2022-11-05;2023-12-29;1;6395.33;12.0;7162.77;10;3;400;28;2.0;4.3;1;Ativo;0;1;Civil;100;Rio de Janeiro;RJ;503
10;Masculino;Pleno;2021-05-05;;0;8134.03;18.0;9598.16;10;1;200;16;17.0;4.9;0;Desligado;1;1;Civil;100;Salvador;BA;501
11;Feminino;Júnior;2025-12-07;;0;3801.73;3.0;3915.78;30;4;501;19;4.0;3.8;0;Ativo;0;1;Corporativo;300;Belo Horizonte;MG;504
12;Feminino;Pleno;2023-12-20;2025-11-07;1;5702.2;14.0;6500.51;20;2;502;60;41.0;1.8;0;Ativo;0;1;Trabalhista;200;São Paulo;SP;502
13;Masculino;Júnior;2024-07-13;;0;3641.49;6.0;3859.98;40;2;100;35;12.0;4.6;1;Ativo;0;1;Tributário;400;São Paulo;SP;502
14;Feminino;Sênior;2019-07-08;2023-07-07;1;10624.13;23.0;13067.68;20;2;200;62;35.0;2.4;0;Desligado;1;1;Trabalhista;200;São Paulo;SP;502
15;Masculino;Pleno;2021-03-13;2022-10-04;1;5993.91;16.0;6952.94;20;4;200;66;57.0;1.7;0;Ativo;0;1;Trabalhista;200;Belo Horizonte;MG;504
16;Feminino;Júnior;2025-07-09;;0;3591.44;8.0;3878.76;30;2;100;14;7.0;3.3;1;Ativo;0;1;Corporativo;300;São Paulo;SP;502
17;Feminino;Júnior;2024-09-09;;0;4368.38;3.0;4499.43;20;4;300;66;57.0;1.4;0;Ativo;0;1;Trabalhista;200;Belo Horizonte;MG;504
18;Não-binário;Júnior;2025-04-13;;0;3974.27;8.0;4292.21;40;2;300;18;18.0;3.7;0;Ativo;0;1;Tributário;400;São Paulo;SP;502
19;Masculino;Pleno;2020-11-19;;0;7129.65;20.0;8555.58;10;2;200;21;5.0;4.9;0;Desligado;1;1;Civil;100;São Paulo;SP;502
20;Feminino;Júnior;2024-06-08;;0;3908.52;7.0;4182.12;30;1;400;20;3.0;;0;Ativo;0;1;Corporativo;300;Salvador;BA;501
21;Feminino;Pleno;2024-04-28;;0;8439.39;11.0;9367.72;30;1;300;34;6.0;4.2;0;Ativo;0;1;Corporativo;300;Salvador;BA;501
22;Feminino;Pleno;2021-09-23;;0;8299.26;20.0;9959.11;20;4;501;66;38.0;1.5;1;Desligado;1;1;Trabalhista;200;Belo Horizonte;MG;504
23;Feminino;Júnior;2024-06-30;;0;4822.12;2.0;4918.56;40;2;100;34;5.0;3.9;1;Ativo;0;1;Tributário;400;São Paulo;SP;502
24;Feminino;Júnior;2024-12-24;;0;3957.79;4.0;4116.1;40;2;501;14;10.0;3.8;1;Ativo;0;1;Tributário;400;São Paulo;SP;502
25;Feminino;Júnior;2024-09-24;;0;3767.85;6.0;3993.92;40;3;501;31;18.0;3.4;0;Ativo;0;1;Tributário;400;Rio de Janeiro;RJ;503
26;Feminino;Júnior;2024-01-02;;0;4279.88;1.0;4322.68;20;3;502;66;45.0;1.9;0;Ativo;0;1;Trabalhista;200;Rio de Janeiro;RJ;503
27;Não-binário;Júnior;2025-11-13;;0;4112.59;2.0;4194.84;10;3;501;31;20.0;3.7;0;Ativo;0;1;Civil;100;Rio de Janeiro;RJ;503
28;Masculino;Júnior;2025-03-16;;0;4678.64;10.0;5146.5;10;3;502;14;11.0;4.1;0;Ativo;0;1;Civil;100;Rio de Janeiro;RJ;503
29;Feminino;Pleno;2021-04-05;2022-07-15;1;5638.64;16.0;6540.82;30;1;400;30;8.0;4.5;1;Ativo;0;1;Corporativo;300;Salvador;BA;501
30;Feminino;Pleno;2023-09-05;;0;8177.98;12.0;9159.34;40;4;100;26;3.0;4.2;0;Ativo;0;1;Tributário;400;Belo Horizonte;MG;504
31;Masculino;Sênior;2020-02-19;2025-02-17;1;12256.94;33.0;16301.73;40;2;200;17;17.0;4.0;1;Ativo;0;1;Tributário;400;São Paulo;SP;502
32;Não-binário;Júnior;2024-10-08;;0;4159.81;2.0;4243.01;30;4;502;19;14.0;4.4;0;Ativo;0;1;Corporativo;300;Belo Horizonte;MG;504
33;Masculino;Pleno;2021-11-08;2023-08-12;1;5686.8;19.0;6767.29;20;1;300;60;35.0;2.3;1;Ativo;0;1;Trabalhista;200;Salvador;BA;501
34;Não-binário;Júnior;2025-09-09;;0;4846.72;10.0;5331.39;40;4;200;24;7.0;4.7;1;Ativo;0;1;Tributário;400;Belo Horizonte;MG;504
35;Não-binário;Pleno;2023-09-19;;0;7428.25;16.0;8616.77;10;4;400;18;16.0;3.8;0;Ativo;0;1;Civil;100;Belo Horizonte;MG;504
36;Masculino;Pleno;2022-08-21;2023-08-30;1;5656.26;10.0;6221.89;30;4;200;18;2.0;4.3;0;Ativo;0;1;Corporativo;300;Belo Horizonte;MG;504
37;Não-binário;Pleno;2023-03-01;;0;6895.1;12.0;7722.51;20;4;300;48;53.0;1.0;0;Desligado;1;1;Trabalhista;200;Belo Horizonte;MG;504
38;Não-binário;Júnior;2024-03-18;;0;4388.15;0.0;4388.15;40;4;300;23;19.0;4.0;0;Ativo;0;0;Tributário;400;Belo Horizonte;MG;504
39;Feminino;Júnior;2025-05-16;;0;3658.31;8.0;3950.97;10;3;501;32;10.0;;1;Ativo;0;1;Civil;100;Rio de Janeiro;RJ;503
40;Masculino;Júnior;2024-10-01;;0;3983.46;9.0;4341.97;40;4;400;31;14.0;3.8;1;Ativo;0;1;Tributário;400;Belo Horizonte;MG;504
41;Masculino;Sênior;2018-12-28;2023-12-27;1;12655.33;26.0;15945.72;30;2;200;35;15.0;4.1;0;Ativo;0;1;Corporativo;300;São Paulo;SP;502
42;Masculino;Sócio;2013-01-16;2019-01-30;1;22652.44;50.0;33978.66;40;4;;22;13.0;4.5;1;Ativo;0;1;Tributário;400;Belo Horizonte;MG;504
43;Masculino;Pleno;2025-05-10;2024-01-15;1;6446.64;13.0;7284.7;30;3;501;20;20.0;5.0;1;Desligado;1;1;Corporativo;300;Rio de Janeiro;RJ;503
44;Feminino;Júnior;2024-08-20;;0;4041.32;4.0;4202.97;30;1;400;34;6.0;4.3;1;Ativo;0;1;Corporativo;300;Salvador;BA;501
45;Não-binário;Júnior;2025-04-25;;0;4218.07;6.0;4471.15;10;1;502;27;4.0;4.2;0;Ativo;0;1;Civil;100;Salvador;BA;501
46;Feminino;Pleno;2021-09-14;;0;6244.57;18.0;7368.59;10;2;501;26;16.0;3.7;0;Desligado;1;1;Civil;100;São Paulo;SP;502
47;Não-binário;Pleno;2020-05-03;2022-03-11;1;5797.7;12.0;6493.42;40;3;100;17;19.0;3.3;0;Ativo;0;1;Tributário;400;Rio de Janeiro;RJ;503
48;Não-binário;Pleno;2022-08-20;;0;6194.43;20.0;7433.32;40;4;200;20;22.0;4.3;0;Desligado;1;1;Tributário;400;Belo Horizonte;MG;504
49;Não-binário;Júnior;2025-10-25;;0;3723.48;1.0;3760.71;40;1;300;26;11.0;4.5;1;Ativo;0;1;Tributário;400;Salvador;BA;501
50;Feminino;Júnior;2024-02-10;;0;4834.13;4.0;5027.5;40;4;200;30;3.0;4.6;0;Ativo;0;1;Tributário;400;Belo Horizonte;MG;504
51;Masculino;Sênior;2020-04-13;2026-04-12;1;9910.59;30.0;12883.77;40;4;400;17;12.0;3.9;1;Desligado;1;1;Tributário;400;Belo Horizonte;MG;504
52;Não-binário;Júnior;2025-04-10;;0;3632.09;8.0;3922.66;30;4;501;26;15.0;3.3;0;Ativo;0;1;Corporativo;300;Belo Horizonte;MG;504
53;Não-binário;Júnior;2024-02-22;;0;3805.34;10.0;4185.87;30;4;300;31;9.0;4.5;1;Ativo;0;1;Corporativo;300;Belo Horizonte;MG;504
54;Feminino;Júnior;2024-04-26;;0;4192.17;7.0;4485.62;10;4;200;27;9.0;4.0;0;Ativo;0;1;Civil;100;Belo Horizonte;MG;504
55;Não-binário;Júnior;2024-05-19;;0;4796.04;4.0;4987.88;40;2;501;35;11.0;4.7;0;Ativo;0;1;Tributário;400;São Paulo;SP;502
56;Masculino;Sênior;2019-09-19;2024-09-17;1;11197.45;27.0;14220.76;40;2;502;19;15.0;3.3;0;Ativo;0;1;Tributário;400;São Paulo;SP;502
57;Masculino;Sócio;2017-07-21;2020-05-23;1;18802.92;49.0;28016.35;40;4;;12;6.0;3.9;1;Ativo;0;1;Tributário;400;Belo Horizonte;MG;504
58;Masculino;Pleno;2021-11-24;2023-10-09;1;7449.51;15.0;8566.94;20;1;100;67;50.0;;1;Ativo;0;1;Trabalhista;200;Salvador;BA;501
59;Não-binário;Júnior;2024-08-20;;0;4620.15;4.0;4804.96;10;2;100;12;3.0;3.8;0;Ativo;0;1;Civil;100;São Paulo;SP;502
60;Masculino;Pleno;2020-10-25;2022-02-27;1;7197.78;19.0;8565.36;30;3;200;19;17.0;4.8;1;Ativo;0;1;Corporativo;300;Rio de Janeiro;RJ;503
61;Não-binário;Sênior;2019-07-31;2024-07-29;1;11593.64;25.0;14492.05;20;4;400;56;53.0;1.4;1;Ativo;0;1;Trabalhista;200;Belo Horizonte;MG;504
62;Masculino;Pleno;2022-02-26;;0;5819.96;10.0;6401.96;30;4;502;24;10.0;3.2;1;Desligado;1;1;Corporativo;300;Belo Horizonte;MG;504
63;Masculino;Sênior;2020-05-28;2025-05-27;1;10627.82;23.0;13072.22;10;4;100;13;11.0;4.6;1;Ativo;0;1;Civil;100;Belo Horizonte;MG;504
64;Feminino;Pleno;2021-10-31;2023-05-31;1;5896.48;12.0;6604.06;30;2;300;27;11.0;4.5;0;Ativo;0;1;Corporativo;300;São Paulo;SP;502
65;Feminino;Pleno;2024-03-24;;0;8080.42;11.0;8969.27;10;4;400;12;10.0;4.2;1;Ativo;0;1;Civil;100;Belo Horizonte;MG;504
66;Não-binário;Pleno;2023-07-31;2025-02-05;1;6201.47;19.0;7379.75;30;3;400;32;4.0;4.3;1;Ativo;0;1;Corporativo;300;Rio de Janeiro;RJ;503
67;Feminino;Júnior;2024-02-16;;0;4919.39;7.0;5263.75;30;4;502;23;19.0;4.0;0;Ativo;0;1;Corporativo;300;Belo Horizonte;MG;504
68;Não-binário;Pleno;2022-09-29;2024-08-09;1;8354.56;13.0;9440.65;20;4;502;48;56.0;1.5;0;Ativo;0;1;Trabalhista;200;Belo Horizonte;MG;504
69;Masculino;Júnior;2024-07-13;;0;4952.31;5.0;5199.93;30;1;200;19;6.0;4.6;0;Ativo;0;1;Corporativo;300;Salvador;BA;501
70;Não-binário;Júnior;2024-08-26;;0;3992.84;4.0;4152.55;10;2;100;17;5.0;4.4;0;Ativo;0;1;Civil;100;São Paulo;SP;502
71;Masculino;Pleno;2023-04-20;;0;6022.74;11.0;6685.24;20;1;100;59;46.0;1.7;1;Desligado;1;1;Trabalhista;200;Salvador;BA;501
72;Não-binário;Júnior;2025-11-05;;0;4282.18;10.0;4710.4;40;2;400;15;17.0;4.5;1;Ativo;0;1;Tributário;400;São Paulo;SP;502
73;Masculino;Sócio;2013-08-30;2016-10-07;1;23697.22;47.0;34834.91;10;1;;31;15.0;3.4;0;Ativo;0;1;Civil;100;Salvador;BA;501
74;Masculino;Júnior;2024-08-21;;0;4120.72;10.0;4532.79;10;2;502;20;13.0;4.9;0;Ativo;0;1;Civil;100;São Paulo;SP;502
75;Feminino;Pleno;2020-07-09;;0;7733.77;20.0;9280.52;40;1;400;25;13.0;4.8;0;Desligado;1;1;Tributário;400;Salvador;BA;501
76;Não-binário;Júnior;2024-12-26;;0;3655.4;5.0;3838.17;10;3;400;15;10.0;4.2;1;Ativo;0;1;Civil;100;Rio de Janeiro;RJ;503
77;Feminino;Sênior;2018-07-14;2023-07-13;1;10316.33;22.0;12585.92;10;3;200;12;4.0;;0;Desligado;1;1;Civil;100;Rio de Janeiro;RJ;503
78;Masculino;Pleno;2020-11-18;2022-05-26;1;6473.15;12.0;7249.93;40;4;502;13;4.0;3.7;0;Ativo;0;1;Tributário;400;Belo Horizonte;MG;504
79;Não-binário;Sênior;2019-04-29;2024-04-27;1;11053.28;35.0;14921.93;40;4;501;21;3.0;3.6;0;Desligado;1;1;Tributário;400;Belo Horizonte;MG;504
80;Feminino;Pleno;2021-03-08;2022-05-17;1;6368.34;12.0;7132.54;10;1;502;29;9.0;4.1;1;Ativo;0;1;Civil;100;Salvador;BA;501
81;Masculino;Sócio;2016-11-21;2019-09-06;1;21434.27;47.0;31508.38;30;1;;24;2.0;4.9;0;Ativo;0;1;Corporativo;300;Salvador;BA;501
82;Não-binário;Júnior;2024-03-31;;0;4155.07;5.0;4362.82;20;4;100;52;45.0;2.1;0;Ativo;0;1;Trabalhista;200;Belo Horizonte;MG;504
83;Masculino;Júnior;2025-10-22;;0;4722.56;1.0;4769.79;10;2;501;17;22.0;4.1;1;Ativo;0;1;Civil;100;São Paulo;SP;502
84;Não-binário;Pleno;2020-11-05;;0;6906.76;15.0;7942.77;40;3;100;14;11.0;4.0;0;Desligado;1;1;Tributário;400;Rio de Janeiro;RJ;503
85;Masculino;Júnior;2025-10-22;;0;4796.38;9.0;5228.05;10;3;400;32;8.0;3.8;0;Ativo;0;1;Civil;100;Rio de Janeiro;RJ;503
86;Masculino;Júnior;2024-12-17;;0;4973.58;8.0;5371.47;20;1;300;64;40.0;1.5;0;Ativo;0;1;Trabalhista;200;Salvador;BA;501
87;Masculino;Sênior;2017-04-18;2022-04-17;1;12552.71;24.0;15565.36;40;4;300;30;6.0;4.9;0;Ativo;0;1;Tributário;400;Belo Horizonte;MG;504
88;Não-binário;Pleno;2021-09-26;2023-07-09;1;7874.99;20.0;9449.99;40;2;300;25;18.0;3.9;1;Ativo;0;1;Tributário;400;São Paulo;SP;502
89;Feminino;Júnior;2025-05-12;;0;3788.01;5.0;3977.41;30;2;200;31;6.0;4.3;1;Ativo;0;1;Corporativo;300;São Paulo;SP;502
90;Não-binário;Sênior;2021-07-15;2025-07-14;1;11139.35;29.0;14369.76;20;2;400;62;42.0;1.4;0;Ativo;0;1;Trabalhista;200;São Paulo;SP;502
91;Não-binário;Pleno;2022-06-21;;0;6345.32;19.0;7550.93;20;3;300;53;36.0;1.9;0;Desligado;1;1;Trabalhista;200;Rio de Janeiro;RJ;503
92;Masculino;Pleno;2024-04-11;;0;6847.96;17.0;8012.11;10;1;501;12;15.0;3.3;1;Ativo;0;1;Civil;100;Salvador;BA;501
93;Masculino;Sênior;2019-02-07;2023-02-06;1;13276.29;24.0;16462.6;30;2;400;27;6.0;4.6;1;Ativo;0;1;Corporativo;300;São Paulo;SP;502
94;Feminino;Pleno;2021-06-08;2022-09-26;1;7146.41;13.0;8075.44;40;1;502;15;3.0;3.6;0;Ativo;0;1;Tributário;400;Salvador;BA;501
95;Feminino;Sênior;2020-05-07;2023-05-07;1;12733.45;31.0;16680.82;40;1;100;25;7.0;4.4;1;Desligado;1;1;Tributário;400;Salvador;BA;501
96;Não-binário;Júnior;2025-06-03;;0;4679.62;4.0;4866.8;30;1;100;35;2.0;;0;Ativo;0;1;Corporativo;300;Salvador;BA;501
97;Não-binário;Júnior;2025-08-18;;0;4602.78;7.0;4924.97;30;2;200;34;17.0;4.3;0;Ativo;0;1;Corporativo;300;São Paulo;SP;502
98;Feminino;Sênior;2018-02-17;2021-02-16;1;10920.18;35.0;14742.24;10;4;100;32;8.0;3.7;1;Desligado;1;1;Civil;100;Belo Horizonte;MG;504
99;Feminino;Júnior;2025-03-23;;0;4834.23;5.0;5075.94;30;3;502;28;10.0;4.6;0;Ativo;0;1;Corporativo;300;Rio de Janeiro;RJ;503
100;Masculino;Pleno;2021-01-04;2022-10-10;1;5807.79;12.0;6504.72;40;1;300;23;16.0;3.3;0;Ativo;0;1;Tributário;400;Salvador;BA;501
101;Não-binário;Sênior;2017-06-03;2023-06-02;1;12557.35;34.0;16826.85;40;3;300;14;9.0;4.6;0;Ativo;0;1;Tributário;400;Rio de Janeiro;RJ;503
102;Não-binário;Júnior;2025-09-11;;0;3730.16;5.0;3916.67;30;4;200;24;12.0;4.4;0;Ativo;0;1;Corporativo;300;Belo Horizonte;MG;504
103;Não-binário;Sócio;2017-08-06;2021-10-14;1;20082.32;49.0;29922.66;10;1;;34;17.0;3.6;1;Ativo;0;1;Civil;100;Salvador;BA;501
104;Masculino;Pleno;2023-12-31;;0;5763.37;11.0;6397.34;20;1;200;62;44.0;2.2;0;Ativo;0;1;Trabalhista;200;Salvador;BA;501
105;Não-binário;Pleno;2020-09-05;;0;7876.2;17.0;9215.15;20;3;100;49;54.0;2.2;1;Desligado;1;1;Trabalhista;200;Rio de Janeiro;RJ;503
106;Não-binário;Júnior;2025-06-22;;0;4116.19;7.0;4404.32;30;4;501;33;18.0;3.8;0;Ativo;0;1;Corporativo;300;Belo Horizonte;MG;504
107;Masculino;Sênior;2021-11-14;2024-11-13;1;10868.56;31.0;14237.81;20;2;501;47;43.0;1.3;0;Desligado;1;1;Trabalhista;200;São Paulo;SP;502
108;Não-binário;Júnior;2025-09-21;;0;4300.22;9.0;4687.24;30;2;501;35;21.0;3.8;0;Ativo;0;1;Corporativo;300;São Paulo;SP;502
109;Feminino;Pleno;2023-08-06;;0;6293.97;17.0;7363.94;10;1;300;29;11.0;4.4;0;Ativo;0;1;Civil;100;Salvador;BA;501
110;Não-binário;Pleno;2021-09-01;;0;7565.84;15.0;8700.72;40;2;300;16;12.0;4.8;1;Desligado;1;1;Tributário;400;São Paulo;SP;502
111;Feminino;Júnior;2025-06-11;;0;4342.48;0.0;4342.48;30;4;400;21;14.0;4.8;1;Ativo;0;0;Corporativo;300;Belo Horizonte;MG;504
112;Masculino;Pleno;2024-01-16;2025-06-24;1;5978.03;10.0;6575.83;20;2;200;57;51.0;1.6;0;Ativo;0;1;Trabalhista;200;São Paulo;SP;502
113;Feminino;Pleno;2021-07-30;2023-04-09;1;8028.55;16.0;9313.12;20;3;400;53;58.0;1.5;0;Ativo;0;1;Trabalhista;200;Rio de Janeiro;RJ;503
114;Masculino;Júnior;2025-08-06;;0;4342.73;10.0;4777.0;30;1;100;31;5.0;3.4;1;Ativo;0;1;Corporativo;300;Salvador;BA;501
115;Masculino;Sênior;2019-01-19;2023-01-18;1;11750.35;30.0;15275.46;40;3;501;26;6.0;;1;Ativo;0;1;Tributário;400;Rio de Janeiro;RJ;503
116;Não-binário;Pleno;2020-11-28;;0;7349.5;19.0;8745.9;20;3;502;60;35.0;1.5;1;Desligado;1;1;Trabalhista;200;Rio de Janeiro;RJ;503
117;Não-binário;Pleno;2024-01-25;2026-01-11;1;7290.73;10.0;8019.8;10;4;502;27;7.0;4.1;1;Ativo;0;1;Civil;100;Belo Horizonte;MG;504
118;Não-binário;Pleno;2020-03-05;;0;7601.56;16.0;8817.81;40;2;400;25;18.0;4.6;0;Desligado;1;1;Tributário;400;São Paulo;SP;502
119;Não-binário;Pleno;2023-02-22;;0;7486.68;18.0;8834.28;10;2;502;29;13.0;4.4;0;Desligado;1;1;Civil;100;São Paulo;SP;502
120;Feminino;Júnior;2024-10-12;;0;4337.13;5.0;4553.99;30;4;502;27;13.0;4.2;0;Ativo;0;1;Corporativo;300;Belo Horizonte;MG;504
121;Feminino;Júnior;2025-11-23;;0;4314.79;4.0;4487.38;30;3;400;34;4.0;3.8;0;Ativo;0;1;Corporativo;300;Rio de Janeiro;RJ;503
122;Feminino;Júnior;2025-07-05;;0;3906.7;0.0;3906.7;30;4;200;33;18.0;3.6;1;Ativo;0;0;Corporativo;300;Belo Horizonte;MG;504
123;Masculino;Sócio;2017-04-18;2020-04-24;1;25823.29;40.0;36152.61;10;1;;27;22.0;3.6;0;Ativo;0;1;Civil;100;Salvador;BA;501
124;Masculino;Sênior;2021-04-24;2024-04-23;1;12824.09;25.0;16030.11;30;3;200;13;14.0;4.6;1;Ativo;0;1;Corporativo;300;Rio de Janeiro;RJ;503
125;Feminino;Júnior;2025-08-04;;0;4404.17;8.0;4756.5;30;1;100;26;10.0;3.5;1;Ativo;0;1;Corporativo;300;Salvador;BA;501
126;Não-binário;Pleno;2023-08-20;;0;6058.6;12.0;6785.63;30;2;501;32;14.0;4.7;0;Ativo;0;1;Corporativo;300;São Paulo;SP;502
127;Masculino;Júnior;2024-07-08;;0;4972.53;4.0;5171.43;30;1;501;22;11.0;4.2;0;Ativo;0;1;Corporativo;300;Salvador;BA;501
128;Não-binário;Pleno;2023-11-19;;0;7503.36;11.0;8328.73;10;3;200;21;13.0;4.3;0;Ativo;0;1;Civil;100;Rio de Janeiro;RJ;503
129;Feminino;Júnior;2025-09-12;;0;4060.44;9.0;4425.88;20;4;502;47;51.0;1.6;1;Ativo;0;1;Trabalhista;200;Belo Horizonte;MG;504
130;Não-binário;Pleno;2020-05-06;2022-02-10;1;6106.47;11.0;6778.18;30;1;501;18;20.0;4.1;1;Ativo;0;1;Corporativo;300;Salvador;BA;501
131;Masculino;Júnior;2025-06-09;;0;4123.14;4.0;4288.07;40;1;100;12;8.0;4.2;1;Ativo;0;1;Tributário;400;Salvador;BA;501
132;Não-binário;Pleno;2023-01-13;;0;8303.75;16.0;9632.35;40;3;502;16;22.0;5.0;0;Desligado;1;1;Tributário;400;Rio de Janeiro;RJ;503
133;Masculino;Júnior;2025-01-21;;0;4063.47;2.0;4144.74;40;3;502;29;14.0;4.2;0;Ativo;0;1;Tributário;400;Rio de Janeiro;RJ;503
134;Feminino;Júnior;2025-04-19;;0;4510.25;2.0;4600.46;20;1;502;53;41.0;;0;Ativo;0;1;Trabalhista;200;Salvador;BA;501
135;Não-binário;Júnior;2025-09-21;;0;4649.08;9.0;5067.5;10;1;100;33;3.0;3.6;0;Ativo;0;1;Civil;100;Salvador;BA;501
136;Feminino;Pleno;2021-03-20;2022-04-17;1;8480.45;19.0;10091.74;40;4;200;33;12.0;3.6;1;Ativo;0;1;Tributário;400;Belo Horizonte;MG;504
137;Masculino;Pleno;2020-05-04;;0;7275.0;10.0;8002.5;20;4;501;65;56.0;1.5;0;Desligado;1;1;Trabalhista;200;Belo Horizonte;MG;504
138;Masculino;Sênior;2018-09-07;2024-09-05;1;10584.36;34.0;14183.04;30;4;200;25;15.0;4.2;1;Ativo;0;1;Corporativo;300;Belo Horizonte;MG;504
139;Masculino;Sênior;2018-11-08;2021-11-07;1;9916.09;21.0;11998.47;40;2;100;33;21.0;4.3;0;Ativo;0;1;Tributário;400;São Paulo;SP;502
140;Masculino;Sócio;2015-09-25;2020-03-02;1;25696.62;38.0;35461.34;20;2;;67;41.0;1.6;0;Ativo;0;1;Trabalhista;200;São Paulo;SP;502
141;Masculino;Pleno;2022-08-12;;0;6577.78;11.0;7301.34;20;3;400;55;41.0;1.5;0;Desligado;1;1;Trabalhista;200;Rio de Janeiro;RJ;503
142;Não-binário;Pleno;2020-02-03;;0;8304.27;15.0;9549.91;10;2;400;24;20.0;4.7;1;Desligado;1;1;Civil;100;São Paulo;SP;502
143;Masculino;Sócio;2017-03-02;2020-05-17;1;22372.37;40.0;31321.32;30;3;;14;3.0;4.6;0;Ativo;0;1;Corporativo;300;Rio de Janeiro;RJ;503
144;Não-binário;Júnior;2024-03-10;;0;4560.75;7.0;4880.0;40;2;400;12;2.0;4.2;1;Ativo;0;1;Tributário;400;São Paulo;SP;502
145;Não-binário;Júnior;2025-07-02;;0;4966.22;8.0;5363.52;10;1;501;16;9.0;3.5;1;Ativo;0;1;Civil;100;Salvador;BA;501
146;Masculino;Júnior;2024-03-21;;0;4059.58;1.0;4100.18;30;3;100;32;22.0;4.6;0;Ativo;0;1;Corporativo;300;Rio de Janeiro;RJ;503
147;Masculino;Júnior;2025-05-02;;0;3584.17;1.0;3620.01;40;4;502;28;3.0;3.6;1;Ativo;0;1;Tributário;400;Belo Horizonte;MG;504
148;Feminino;Pleno;2023-11-02;2025-03-24;1;7190.53;13.0;8125.3;40;3;300;16;14.0;4.9;0;Ativo;0;1;Tributário;400;Rio de Janeiro;RJ;503
149;Não-binário;Júnior;2025-11-24;;0;4844.79;1.0;4893.24;20;2;300;58;42.0;2.2;0;Ativo;0;1;Trabalhista;200;São Paulo;SP;502
150;Feminino;Pleno;2024-05-23;;0;6971.81;20.0;8366.17;40;3;501;33;14.0;3.4;0;Ativo;0;1;Tributário;400;Rio de Janeiro;RJ;503
151;Não-binário;Pleno;2020-06-17;2021-11-01;1;7635.03;11.0;8474.88;30;2;300;12;11.0;4.0;1;Ativo;0;1;Corporativo;300;São Paulo;SP;502
152;Feminino;Pleno;2022-06-01;;0;7164.22;19.0;8525.42;10;2;400;22;14.0;3.2;0;Desligado;1;1;Civil;100;São Paulo;SP;502
153;Não-binário;Júnior;2024-09-05;;0;4357.94;2.0;4445.1;40;1;400;14;7.0;;1;Ativo;0;1;Tributário;400;Salvador;BA;501
154;Feminino;Pleno;2021-05-30;2022-10-03;1;6987.41;10.0;7686.15;30;4;300;22;21.0;3.9;0;Ativo;0;1;Corporativo;300;Belo Horizonte;MG;504
155;Masculino;Sócio;2013-07-11;2019-08-19;1;20513.47;47.0;30154.8;40;3;;27;20.0;4.6;0;Ativo;0;1;Tributário;400;Rio de Janeiro;RJ;503
156;Masculino;Sênior;2019-01-18;2022-01-17;1;13987.69;20.0;16785.23;30;4;100;26;11.0;4.7;1;Ativo;0;1;Corporativo;300;Belo Horizonte;MG;504
157;Feminino;Sênior;2018-05-11;2023-05-10;1;13050.85;35.0;17618.65;40;4;502;29;18.0;4.9;0;Ativo;0;1;Tributário;400;Belo Horizonte;MG;504
158;Masculino;Pleno;2023-05-01;;0;5754.95;20.0;6905.94;40;1;502;13;20.0;5.0;1;Desligado;1;1;Tributário;400;Salvador;BA;501
159;Masculino;Júnior;2024-01-11;;0;3647.91;5.0;3830.31;40;3;501;24;16.0;4.6;0;Ativo;0;1;Tributário;400;Rio de Janeiro;RJ;503
160;Feminino;Júnior;2024-04-17;;0;3943.15;5.0;4140.31;20;3;300;59;41.0;1.7;0;Ativo;0;1;Trabalhista;200;Rio de Janeiro;RJ;503
161;Masculino;Sócio;2015-07-30;2018-09-09;1;24793.44;55.0;38429.83;40;1;;35;9.0;4.1;0;Ativo;0;1;Tributário;400;Salvador;BA;501
162;Não-binário;Pleno;2022-08-04;;0;6715.14;10.0;7386.65;20;3;400;51;49.0;1.8;1;Desligado;1;1;Trabalhista;200;Rio de Janeiro;RJ;503
163;Feminino;Júnior;2025-12-21;;0;4713.09;3.0;4854.48;10;2;400;26;5.0;3.7;0;Ativo;0;1;Civil;100;São Paulo;SP;502
164;Não-binário;Pleno;2023-04-17;;0;6555.95;20.0;7867.14;30;4;100;22;5.0;3.6;0;Desligado;1;1;Corporativo;300;Belo Horizonte;MG;504
165;Não-binário;Júnior;2025-06-07;;0;4082.69;2.0;4164.34;20;3;300;60;44.0;1.2;1;Desligado;1;1;Trabalhista;200;Rio de Janeiro;RJ;503
166;Masculino;Pleno;2022-09-19;;0;7945.65;20.0;9534.78;40;1;100;25;16.0;4.1;0;Desligado;1;1;Tributário;400;Salvador;BA;501
167;Masculino;Pleno;2021-07-16;2022-11-08;1;6004.63;19.0;7145.51;10;2;300;20;19.0;4.7;1;Ativo;0;1;Civil;100;São Paulo;SP;502
168;Não-binário;Pleno;2022-05-20;;0;7990.21;14.0;9108.84;10;4;100;14;16.0;4.8;1;Desligado;1;1;Civil;100;Belo Horizonte;MG;504
169;Não-binário;Júnior;2025-12-06;;0;4025.95;0.0;4025.95;20;2;501;63;46.0;1.7;1;Desligado;1;0;Trabalhista;200;São Paulo;SP;502
170;Não-binário;Pleno;2021-08-15;;0;8357.19;16.0;9694.34;20;3;200;53;55.0;1.2;1;Desligado;1;1;Trabalhista;200;Rio de Janeiro;RJ;503
171;Não-binário;Júnior;2024-09-10;;0;4642.21;7.0;4967.16;20;2;100;47;55.0;2.1;1;Desligado;1;1;Trabalhista;200;São Paulo;SP;502
172;Não-binário;Júnior;2025-04-10;;0;4925.38;10.0;5417.92;40;3;501;34;13.0;;0;Ativo;0;1;Tributário;400;Rio de Janeiro;RJ;503
173;Masculino;Sócio;2017-07-19;2021-01-13;1;19044.75;50.0;28567.13;40;2;;13;5.0;4.3;0;Ativo;0;1;Tributário;400;São Paulo;SP;502
174;Feminino;Pleno;2022-06-22;2024-02-10;1;8374.1;12.0;9378.99;40;1;100;14;22.0;3.8;1;Ativo;0;1;Tributário;400;Salvador;BA;501
175;Feminino;Pleno;2023-07-05;;0;7598.32;13.0;8586.1;30;2;501;14;6.0;4.3;0;Ativo;0;1;Corporativo;300;São Paulo;SP;502
176;Feminino;Sênior;2021-08-01;2024-07-31;1;10094.79;22.0;12315.64;40;1;200;22;13.0;4.8;0;Ativo;0;1;Tributário;400;Salvador;BA;501
177;Não-binário;Júnior;2024-03-11;;0;4295.76;9.0;4682.38;40;2;100;33;16.0;4.7;0;Ativo;0;1;Tributário;400;São Paulo;SP;502
178;Feminino;Júnior;2025-01-28;;0;4027.3;8.0;4349.48;10;2;300;31;21.0;4.5;1;Ativo;0;1;Civil;100;São Paulo;SP;502
179;Feminino;Júnior;2025-09-13;;0;4264.28;1.0;4306.92;10;3;100;19;17.0;4.3;0;Ativo;0;1;Civil;100;Rio de Janeiro;RJ;503
180;Masculino;Sênior;2019-03-04;2025-03-02;1;12932.27;20.0;15518.72;10;3;100;12;10.0;3.6;0;Ativo;0;1;Civil;100;Rio de Janeiro;RJ;503
181;Não-binário;Júnior;2025-03-01;;0;4135.36;4.0;4300.77;40;3;200;14;18.0;4.9;1;Ativo;0;1;Tributário;400;Rio de Janeiro;RJ;503
182;Não-binário;Pleno;2021-09-27;2023-09-19;1;8360.28;17.0;9781.53;30;4;502;31;3.0;3.8;0;Ativo;0;1;Corporativo;300;Belo Horizonte;MG;504
183;Feminino;Júnior;2025-12-19;;0;3517.03;2.0;3587.37;20;1;100;68;43.0;2.0;1;Desligado;1;1;Trabalhista;200;Salvador;BA;501
184;Masculino;Sócio;2017-11-15;2020-09-12;1;21969.18;51.0;33173.46;10;3;;30;7.0;3.9;0;Ativo;0;1;Civil;100;Rio de Janeiro;RJ;503
185;Não-binário;Sócio;2014-07-24;2021-06-14;1;19956.41;50.0;29934.62;30;1;;17;3.0;4.2;1;Ativo;0;1;Corporativo;300;Salvador;BA;501
186;Masculino;Pleno;2022-05-02;;0;6459.81;12.0;7234.99;40;2;100;28;3.0;4.9;0;Desligado;1;1;Tributário;400;São Paulo;SP;502
187;Masculino;Pleno;2020-06-25;;0;5523.91;17.0;6462.97;40;3;200;30;17.0;5.0;0;Desligado;1;1;Tributário;400;Rio de Janeiro;RJ;503
188;Feminino;Pleno;2020-02-18;;0;6539.27;20.0;7847.12;20;2;200;68;58.0;1.4;0;Desligado;1;1;Trabalhista;200;São Paulo;SP;502
189;Masculino;Júnior;2024-05-25;;0;4567.48;7.0;4887.2;20;4;501;68;37.0;1.8;0;Ativo;0;1;Trabalhista;200;Belo Horizonte;MG;504
190;Feminino;Sênior;2020-03-08;2023-03-08;1;10565.47;32.0;13946.42;20;4;200;59;43.0;1.3;0;Ativo;0;1;Trabalhista;200;Belo Horizonte;MG;504
191;Feminino;Júnior;2024-06-17;;0;4174.35;7.0;4466.55;20;1;502;53;38.0;;0;Ativo;0;1;Trabalhista;200;Salvador;BA;501
192;Feminino;Júnior;2024-05-31;;0;3636.82;0.0;3636.82;30;1;501;24;16.0;4.2;0;Ativo;0;0;Corporativo;300;Salvador;BA;501
193;Masculino;Júnior;2024-05-23;;0;3682.18;10.0;4050.4;20;1;501;65;55.0;1.1;0;Desligado;1;1;Trabalhista;200;Salvador;BA;501
194;Feminino;Pleno;2021-02-08;;0;6830.29;10.0;7513.32;30;1;400;13;7.0;4.9;1;Desligado;1;1;Corporativo;300;Salvador;BA;501
195;Feminino;Pleno;2023-10-31;;0;6561.83;10.0;7218.01;40;4;300;31;21.0;3.6;1;Ativo;0;1;Tributário;400;Belo Horizonte;MG;504
196;Não-binário;Sênior;2017-05-05;2020-05-04;1;10397.56;27.0;13204.9;40;4;300;12;14.0;4.6;0;Ativo;0;1;Tributário;400;Belo Horizonte;MG;504
197;Masculino;Sênior;2019-10-26;2024-10-24;1;10934.95;21.0;13231.29;40;4;200;23;20.0;5.0;0;Ativo;0;1;Tributário;400;Belo Horizonte;MG;504
198;Não-binário;Sênior;2018-06-30;2021-06-29;1;12090.61;31.0;15838.7;10;2;502;19;20.0;3.8;1;Desligado;1;1;Civil;100;São Paulo;SP;502
199;Não-binário;Júnior;2025-08-04;;0;4345.41;7.0;4649.59;30;1;501;13;4.0;3.3;1;Ativo;0;1;Corporativo;300;Salvador;BA;501
200;Não-binário;Pleno;2020-01-02;;0;7342.4;10.0;8076.64;20;1;200;49;53.0;2.0;1;Desligado;1;1;Trabalhista;200;Salvador;BA;501
201;Feminino;Pleno;2023-12-13;2025-11-16;1;5803.1;20.0;6963.72;10;3;501;32;12.0;3.5;0;Ativo;0;1;Civil;100;Rio de Janeiro;RJ;503
202;Não-binário;Pleno;2020-12-25;;0;7701.98;19.0;9165.36;30;2;501;17;21.0;3.8;0;Desligado;1;1;Corporativo;300;São Paulo;SP;502
203;Masculino;Pleno;2021-11-09;2022-12-18;1;8447.14;17.0;9883.15;20;1;100;53;41.0;1.3;1;Ativo;0;1;Trabalhista;200;Salvador;BA;501
204;Feminino;Pleno;2020-04-08;;0;7697.75;15.0;8852.41;30;3;501;24;5.0;4.7;0;Desligado;1;1;Corporativo;300;Rio de Janeiro;RJ;503
205;Masculino;Sócio;2012-05-16;2018-06-01;1;20734.47;47.0;30479.67;20;2;;47;45.0;1.8;0;Ativo;0;1;Trabalhista;200;São Paulo;SP;502
206;Masculino;Sênior;2020-05-28;2026-05-27;1;10424.98;28.0;13343.97;40;1;400;21;9.0;3.4;0;Desligado;1;1;Tributário;400;Salvador;BA;501
207;Feminino;Júnior;2024-01-04;;0;4141.41;3.0;4265.65;40;2;100;17;22.0;3.7;0;Ativo;0;1;Tributário;400;São Paulo;SP;502
208;Masculino;Júnior;2025-04-27;;0;4233.65;5.0;4445.33;40;1;400;17;16.0;3.3;0;Ativo;0;1;Tributário;400;Salvador;BA;501
209;Feminino;Pleno;2023-03-01;2024-03-31;1;7589.41;19.0;9031.4;40;3;501;29;3.0;4.7;0;Ativo;0;1;Tributário;400;Rio de Janeiro;RJ;503
210;Não-binário;Pleno;2022-09-02;2024-02-02;1;8208.33;11.0;9111.25;40;4;200;17;7.0;;1;Ativo;0;1;Tributário;400;Belo Horizonte;MG;504
211;Masculino;Sênior;2020-10-31;;0;10165.45;22.0;12401.85;20;1;300;62;47.0;1.8;0;Ativo;0;1;Trabalhista;200;Salvador;BA;501
212;Não-binário;Pleno;2023-04-18;;0;6758.78;11.0;7502.25;40;1;300;15;11.0;4.8;0;Desligado;1;1;Tributário;400;Salvador;BA;501
213;Masculino;Pleno;2023-03-17;;0;5612.4;10.0;6173.64;40;3;400;22;9.0;3.3;0;Desligado;1;1;Tributário;400;Rio de Janeiro;RJ;503
214;Feminino;Júnior;2024-11-06;;0;3966.42;7.0;4244.07;30;3;501;22;10.0;4.5;1;Ativo;0;1;Corporativo;300;Rio de Janeiro;RJ;503
215;Masculino;Sênior;2021-08-15;;0;13402.35;25.0;16752.94;10;2;501;34;18.0;3.9;0;Ativo;0;1;Civil;100;São Paulo;SP;502
216;Feminino;Júnior;2024-02-29;;0;3874.24;8.0;4184.18;10;2;502;24;22.0;4.9;1;Ativo;0;1;Civil;100;São Paulo;SP;502
217;Masculino;Júnior;2025-08-31;;0;4169.16;1.0;4210.85;10;2;200;21;2.0;3.9;1;Ativo;0;1;Civil;100;São Paulo;SP;502
218;Não-binário;Pleno;2023-10-19;2025-01-31;1;6728.52;12.0;7535.94;20;2;200;50;54.0;2.1;0;Ativo;0;1;Trabalhista;200;São Paulo;SP;502
219;Não-binário;Sênior;2019-05-18;2025-05-16;1;10481.94;32.0;13836.16;30;3;300;12;18.0;5.0;0;Ativo;0;1;Corporativo;300;Rio de Janeiro;RJ;503
220;Não-binário;Pleno;2022-09-13;2023-10-15;1;6329.45;13.0;7152.28;30;3;501;28;9.0;4.8;0;Ativo;0;1;Corporativo;300;Rio de Janeiro;RJ;503
221;Não-binário;Pleno;2024-01-17;;0;6992.12;10.0;7691.33;40;3;300;34;20.0;4.7;1;Ativo;0;1;Tributário;400;Rio de Janeiro;RJ;503
222;Não-binário;Sênior;2019-11-05;2024-11-03;1;13444.23;35.0;18149.71;20;4;200;68;52.0;2.1;1;Ativo;0;1;Trabalhista;200;Belo Horizonte;MG;504
223;Feminino;Júnior;2024-08-16;;0;4616.31;1.0;4662.47;30;1;501;27;3.0;4.8;0;Ativo;0;1;Corporativo;300;Salvador;BA;501
224;Feminino;Júnior;2024-05-02;;0;4801.25;5.0;5041.31;10;4;400;25;20.0;4.8;1;Ativo;0;1;Civil;100;Belo Horizonte;MG;504
225;Não-binário;Pleno;2024-05-14;2025-06-24;1;7393.1;14.0;8428.13;20;3;400;50;53.0;2.1;1;Ativo;0;1;Trabalhista;200;Rio de Janeiro;RJ;503
226;Não-binário;Júnior;2025-10-10;;0;4144.11;0.0;4144.11;10;2;502;22;18.0;3.5;1;Ativo;0;0;Civil;100;São Paulo;SP;502
227;Feminino;Júnior;2024-11-15;;0;3693.4;7.0;3951.94;10;2;300;35;18.0;4.3;1;Ativo;0;1;Civil;100;São Paulo;SP;502
228;Masculino;Sênior;2019-01-06;2023-01-05;1;13154.04;24.0;16311.01;40;2;300;30;18.0;3.5;1;Ativo;0;1;Tributário;400;São Paulo;SP;502
229;Não-binário;Sênior;2021-04-29;2024-04-28;1;9986.51;23.0;12283.41;10;4;400;24;5.0;;0;Ativo;0;1;Civil;100;Belo Horizonte;MG;504
230;Não-binário;Júnior;2024-11-04;;0;4131.31;8.0;4461.81;20;2;100;68;54.0;1.2;1;Ativo;0;1;Trabalhista;200;São Paulo;SP;502
231;Feminino;Júnior;2024-07-23;;0;4666.94;0.0;4666.94;10;4;502;29;17.0;4.8;1;Ativo;0;0;Civil;100;Belo Horizonte;MG;504
232;Feminino;Júnior;2024-01-14;;0;4507.45;1.0;4552.52;40;3;502;35;5.0;4.8;1;Ativo;0;1;Tributário;400;Rio de Janeiro;RJ;503
233;Masculino;Júnior;2025-04-20;;0;3575.12;1.0;3610.87;20;4;200;48;36.0;1.0;1;Desligado;1;1;Trabalhista;200;Belo Horizonte;MG;504
234;Masculino;Pleno;2023-06-27;;0;7699.2;16.0;8931.07;20;3;400;53;47.0;2.0;0;Ativo;0;1;Trabalhista;200;Rio de Janeiro;RJ;503
235;Feminino;Júnior;2025-12-13;;0;4589.62;10.0;5048.58;40;2;300;26;7.0;4.3;0;Ativo;0;1;Tributário;400;São Paulo;SP;502
236;Masculino;Pleno;2020-08-19;2022-03-17;1;5690.01;20.0;6828.01;10;2;501;28;18.0;4.4;0;Ativo;0;1;Civil;100;São Paulo;SP;502
237;Não-binário;Sênior;2019-09-14;2024-09-12;1;10168.95;21.0;12304.43;10;4;400;17;18.0;4.7;1;Ativo;0;1;Civil;100;Belo Horizonte;MG;504
238;Masculino;Sênior;2018-05-09;2023-05-08;1;10502.18;27.0;13337.77;20;1;400;59;53.0;1.6;1;Ativo;0;1;Trabalhista;200;Salvador;BA;501
239;Feminino;Júnior;2025-10-31;;0;3526.65;8.0;3808.78;40;3;300;18;22.0;4.4;1;Ativo;0;1;Tributário;400;Rio de Janeiro;RJ;503
240;Feminino;Júnior;2024-12-05;;0;4340.23;10.0;4774.25;30;1;502;19;2.0;3.8;0;Ativo;0;1;Corporativo;300;Salvador;BA;501
241;Não-binário;Júnior;2024-02-16;;0;4845.32;9.0;5281.4;30;3;400;18;8.0;3.4;0;Ativo;0;1;Corporativo;300;Rio de Janeiro;RJ;503
242;Feminino;Pleno;2020-08-08;2022-03-08;1;7399.72;20.0;8879.66;20;4;100;61;39.0;2.3;1;Ativo;0;1;Trabalhista;200;Belo Horizonte;MG;504
243;Não-binário;Pleno;2022-11-07;;0;8230.54;16.0;9547.43;10;4;501;31;21.0;4.8;0;Desligado;1;1;Civil;100;Belo Horizonte;MG;504
244;Não-binário;Pleno;2021-07-14;2023-02-02;1;8411.47;18.0;9925.53;40;4;200;34;19.0;4.3;0;Ativo;0;1;Tributário;400;Belo Horizonte;MG;504
245;Não-binário;Pleno;2023-10-09;2024-12-14;1;7450.26;11.0;8269.79;20;3;502;62;50.0;1.8;1;Ativo;0;1;Trabalhista;200;Rio de Janeiro;RJ;503
246;Masculino;Pleno;2022-12-06;2024-01-29;1;5935.98;20.0;7123.18;40;3;300;16;3.0;4.4;1;Ativo;0;1;Tributário;400;Rio de Janeiro;RJ;503
247;Masculino;Júnior;2024-04-14;;0;4424.16;8.0;4778.09;20;1;100;67;44.0;2.0;1;Ativo;0;1;Trabalhista;200;Salvador;BA;501
248;Masculino;Sócio;2012-08-08;2015-06-27;1;24883.56;49.0;37076.5;40;4;;23;20.0;;0;Ativo;0;1;Tributário;400;Belo Horizonte;MG;504
249;Masculino;Sênior;2017-12-30;2020-12-29;1;11812.31;28.0;15119.76;20;2;300;49;40.0;1.8;0;Ativo;0;1;Trabalhista;200;São Paulo;SP;502
250;Masculino;Júnior;2024-02-10;;0;3730.56;9.0;4066.31;10;3;502;29;13.0;3.3;0;Ativo;0;1;Civil;100;Rio de Janeiro;RJ;503
251;Feminino;Pleno;2020-05-19;;0;5978.11;13.0;6755.26;30;2;200;22;12.0;3.8;0;Desligado;1;1;Corporativo;300;São Paulo;SP;502
252;Feminino;Júnior;2025-04-01;;0;3860.52;1.0;3899.13;40;1;300;24;10.0;4.2;1;Ativo;0;1;Tributário;400;Salvador;BA;501
253;Não-binário;Júnior;2025-04-01;;0;4230.21;8.0;4568.63;10;3;200;29;2.0;4.3;0;Ativo;0;1;Civil;100;Rio de Janeiro;RJ;503
254;Feminino;Pleno;2023-01-06;2024-12-30;1;7724.13;10.0;8496.54;20;4;100;67;45.0;1.1;0;Ativo;0;1;Trabalhista;200;Belo Horizonte;MG;504
255;Masculino;Pleno;2020-05-24;2022-03-14;1;8232.96;15.0;9467.9;10;2;502;24;5.0;4.2;1;Ativo;0;1;Civil;100;São Paulo;SP;502
256;Não-binário;Júnior;2025-01-01;;0;4892.07;6.0;5185.59;10;1;501;24;2.0;4.1;1;Ativo;0;1;Civil;100;Salvador;BA;501
257;Não-binário;Júnior;2025-07-12;;0;3942.47;8.0;4257.87;20;2;100;62;39.0;1.2;1;Ativo;0;1;Trabalhista;200;São Paulo;SP;502
258;Masculino;Júnior;2024-12-18;;0;3817.61;4.0;3970.31;40;1;501;18;5.0;3.5;0;Ativo;0;1;Tributário;400;Salvador;BA;501
259;Não-binário;Júnior;2024-03-15;;0;3935.98;2.0;4014.7;10;4;300;33;22.0;3.6;0;Ativo;0;1;Civil;100;Belo Horizonte;MG;504
260;Masculino;Pleno;2022-07-11;;0;7478.27;15.0;8600.01;10;2;200;17;2.0;3.8;1;Desligado;1;1;Civil;100;São Paulo;SP;502
261;Masculino;Pleno;2023-10-23;;0;8133.66;18.0;9597.72;40;3;300;17;22.0;4.3;0;Ativo;0;1;Tributário;400;Rio de Janeiro;RJ;503
262;Masculino;Sênior;2021-01-29;2024-01-29;1;12342.32;32.0;16291.86;20;2;501;46;52.0;1.4;1;Ativo;0;1;Trabalhista;200;São Paulo;SP;502
263;Masculino;Sênior;2018-04-03;2023-04-02;1;9907.49;27.0;12582.51;40;2;200;17;18.0;3.5;0;Desligado;1;1;Tributário;400;São Paulo;SP;502
264;Não-binário;Pleno;2022-01-04;2023-01-24;1;6962.93;18.0;8216.26;20;2;100;57;50.0;2.3;0;Ativo;0;1;Trabalhista;200;São Paulo;SP;502
265;Feminino;Júnior;2025-10-10;;0;4744.47;6.0;5029.14;10;3;100;23;20.0;4.4;1;Ativo;0;1;Civil;100;Rio de Janeiro;RJ;503
266;Feminino;Júnior;2025-02-19;;0;4029.35;2.0;4109.94;30;4;501;26;7.0;3.6;0;Ativo;0;1;Corporativo;300;Belo Horizonte;MG;504
267;Feminino;Júnior;2024-06-10;;0;4043.33;10.0;4447.66;30;2;200;27;17.0;;1;Ativo;0;1;Corporativo;300;São Paulo;SP;502
268;Feminino;Pleno;2020-09-18;2022-07-08;1;5904.17;12.0;6612.67;40;1;501;17;18.0;4.9;0;Ativo;0;1;Tributário;400;Salvador;BA;501
269;Feminino;Júnior;2025-04-04;;0;4409.79;2.0;4497.99;10;3;502;31;18.0;3.7;0;Ativo;0;1;Civil;100;Rio de Janeiro;RJ;503
270;Não-binário;Pleno;2020-05-20;2021-09-14;1;5896.64;12.0;6604.24;30;4;501;15;7.0;4.1;1;Ativo;0;1;Corporativo;300;Belo Horizonte;MG;504
271;Feminino;Júnior;2025-11-06;;0;3695.49;6.0;3917.22;10;1;400;23;3.0;4.5;1;Ativo;0;1;Civil;100;Salvador;BA;501
272;Masculino;Sócio;2013-02-04;2020-08-08;1;24872.43;44.0;35816.3;20;4;;45;57.0;2.0;1;Ativo;0;1;Trabalhista;200;Belo Horizonte;MG;504
273;Não-binário;Pleno;2022-02-07;2024-01-08;1;7912.86;14.0;9020.66;10;1;300;25;20.0;3.9;0;Ativo;0;1;Civil;100;Salvador;BA;501
274;Masculino;Sênior;2021-05-25;;0;11676.92;31.0;15296.77;40;2;400;33;5.0;4.5;0;Ativo;0;1;Tributário;400;São Paulo;SP;502
275;Feminino;Júnior;2025-02-14;;0;4679.12;10.0;5147.03;20;1;400;45;37.0;2.2;0;Ativo;0;1;Trabalhista;200;Salvador;BA;501
276;Feminino;Pleno;2021-03-30;;0;7327.09;19.0;8719.24;40;1;100;17;22.0;4.1;1;Desligado;1;1;Tributário;400;Salvador;BA;501
277;Feminino;Pleno;2024-05-24;;0;7047.44;13.0;7963.61;20;3;300;45;40.0;1.1;1;Ativo;0;1;Trabalhista;200;Rio de Janeiro;RJ;503
278;Não-binário;Júnior;2025-02-19;;0;4379.12;9.0;4773.24;40;3;300;23;13.0;4.9;0;Ativo;0;1;Tributário;400;Rio de Janeiro;RJ;503
279;Masculino;Pleno;2023-03-23;;0;6025.1;15.0;6928.87;20;2;501;61;43.0;2.2;1;Desligado;1;1;Trabalhista;200;São Paulo;SP;502
280;Masculino;Sênior;2019-09-18;2023-09-17;1;11564.82;20.0;13877.78;30;4;200;20;4.0;3.9;1;Ativo;0;1;Corporativo;300;Belo Horizonte;MG;504
281;Masculino;Júnior;2025-06-12;;0;4303.48;8.0;4647.76;20;3;200;50;50.0;1.4;0;Desligado;1;1;Trabalhista;200;Rio de Janeiro;RJ;503
282;Não-binário;Pleno;2022-10-18;2024-01-28;1;6226.17;12.0;6973.31;30;2;502;15;4.0;4.4;0;Ativo;0;1;Corporativo;300;São Paulo;SP;502
283;Não-binário;Júnior;2025-05-08;;0;4056.79;2.0;4137.93;40;1;501;28;10.0;3.9;0;Ativo;0;1;Tributário;400;Salvador;BA;501
284;Não-binário;Júnior;2025-05-04;;0;4909.48;8.0;5302.24;20;1;100;59;45.0;2.0;0;Ativo;0;1;Trabalhista;200;Salvador;BA;501
285;Não-binário;Júnior;2024-11-29;;0;4042.4;5.0;4244.52;20;4;200;56;40.0;1.7;0;Desligado;1;1;Trabalhista;200;Belo Horizonte;MG;504
286;Masculino;Júnior;2024-10-13;;0;4176.09;8.0;4510.18;40;3;502;25;14.0;;0;Ativo;0;1;Tributário;400;Rio de Janeiro;RJ;503
287;Feminino;Júnior;2025-03-07;;0;4249.4;4.0;4419.38;20;4;100;62;53.0;1.1;0;Desligado;1;1;Trabalhista;200;Belo Horizonte;MG;504
288;Feminino;Pleno;2022-09-02;2024-07-20;1;7733.78;15.0;8893.85;20;1;502;58;38.0;1.5;0;Ativo;0;1;Trabalhista;200;Salvador;BA;501
289;Masculino;Pleno;2021-10-27;2023-10-06;1;7824.23;17.0;9154.35;20;2;300;49;40.0;1.9;1;Ativo;0;1;Trabalhista;200;São Paulo;SP;502
290;Feminino;Pleno;2020-11-27;;0;6440.45;14.0;7342.11;40;4;400;23;20.0;4.1;0;Desligado;1;1;Tributário;400;Belo Horizonte;MG;504
291;Feminino;Sênior;2017-09-14;2021-09-13;1;12653.14;32.0;16702.14;40;2;100;14;17.0;4.2;1;Ativo;0;1;Tributário;400;São Paulo;SP;502
292;Feminino;Júnior;2025-09-24;;0;3732.91;10.0;4106.2;40;1;200;16;6.0;4.1;1;Ativo;0;1;Tributário;400;Salvador;BA;501
293;Não-binário;Pleno;2021-10-28;2023-06-28;1;8112.69;19.0;9654.1;10;1;501;26;22.0;4.5;0;Ativo;0;1;Civil;100;Salvador;BA;501
294;Masculino;Sênior;2020-01-11;2024-01-10;1;11146.02;20.0;13375.22;40;3;501;16;13.0;3.7;1;Desligado;1;1;Tributário;400;Rio de Janeiro;RJ;503
295;Masculino;Sênior;2017-01-19;2023-01-18;1;13085.45;33.0;17403.65;10;4;502;24;9.0;3.5;0;Ativo;0;1;Civil;100;Belo Horizonte;MG;504
296;Feminino;Júnior;2024-03-22;;0;4133.36;8.0;4464.03;40;4;100;20;15.0;3.5;1;Ativo;0;1;Tributário;400;Belo Horizonte;MG;504
297;Masculino;Sênior;2020-07-28;;0;12302.39;24.0;15254.96;20;2;300;45;40.0;2.4;1;Ativo;0;1;Trabalhista;200;São Paulo;SP;502
298;Não-binário;Pleno;2024-01-29;;0;5770.59;17.0;6751.59;30;2;200;26;3.0;3.8;0;Ativo;0;1;Corporativo;300;São Paulo;SP;502
299;Masculino;Sênior;2020-01-18;2026-01-16;1;10625.36;23.0;13069.19;10;3;100;26;9.0;4.5;1;Ativo;0;1;Civil;100;Rio de Janeiro;RJ;503
300;Não-binário;Júnior;2025-06-17;;0;4499.01;0.0;4499.01;20;4;300;68;52.0;1.7;0;Ativo;0;0;Trabalhista;200;Belo Horizonte;MG;504
301;Feminino;Pleno;2020-04-16;;0;6153.36;12.0;6891.76;40;3;200;30;5.0;3.9;0;Desligado;1;1;Tributário;400;Rio de Janeiro;RJ;503
302;Não-binário;Sênior;2020-11-10;2024-11-09;1;10209.64;30.0;13272.53;10;1;502;13;13.0;4.4;0;Ativo;0;1;Civil;100;Salvador;BA;501
303;Masculino;Pleno;2021-10-10;;0;7865.69;10.0;8652.26;10;2;100;23;6.0;3.7;1;Desligado;1;1;Civil;100;São Paulo;SP;502
304;Não-binário;Sênior;2020-01-17;2026-01-15;1;11064.49;25.0;13830.61;40;4;300;16;16.0;3.7;0;Desligado;1;1;Tributário;400;Belo Horizonte;MG;504
305;Feminino;Pleno;2022-02-15;;0;8148.8;15.0;9371.12;30;4;200;33;19.0;;0;Desligado;1;1;Corporativo;300;Belo Horizonte;MG;504
306;Não-binário;Júnior;2024-11-26;;0;4114.71;0.0;4114.71;40;2;100;18;5.0;4.1;0;Ativo;0;0;Tributário;400;São Paulo;SP;502
307;Não-binário;Pleno;2022-12-12;;0;7270.9;13.0;8216.12;10;4;502;27;4.0;4.0;0;Desligado;1;1;Civil;100;Belo Horizonte;MG;504
308;Não-binário;Sênior;2021-08-11;;0;12276.2;29.0;15836.3;10;3;200;28;5.0;3.4;0;Desligado;1;1;Civil;100;Rio de Janeiro;RJ;503
309;Feminino;Júnior;2025-11-03;;0;3873.14;9.0;4221.72;40;2;400;23;16.0;4.5;0;Ativo;0;1;Tributário;400;São Paulo;SP;502
310;Feminino;Pleno;2022-04-02;2023-12-16;1;5974.53;18.0;7049.95;10;2;400;23;15.0;4.6;0;Ativo;0;1;Civil;100;São Paulo;SP;502
311;Não-binário;Pleno;2021-03-14;;0;7150.72;16.0;8294.84;30;2;501;35;3.0;5.0;0;Desligado;1;1;Corporativo;300;São Paulo;SP;502
312;Masculino;Pleno;2021-09-07;2022-12-29;1;6444.71;11.0;7153.63;10;2;300;26;13.0;3.5;1;Ativo;0;1;Civil;100;São Paulo;SP;502
313;Feminino;Pleno;2021-09-07;2022-10-24;1;7207.19;12.0;8072.05;30;2;100;34;20.0;4.7;1;Ativo;0;1;Corporativo;300;São Paulo;SP;502
314;Não-binário;Júnior;2025-01-25;;0;3617.72;3.0;3726.25;30;1;100;35;22.0;4.7;0;Ativo;0;1;Corporativo;300;Salvador;BA;501
315;Masculino;Sócio;2012-06-17;2018-10-11;1;19766.38;36.0;26882.28;40;1;;30;18.0;3.4;1;Ativo;0;1;Tributário;400;Salvador;BA;501
316;Masculino;Pleno;2020-09-27;;0;6927.56;16.0;8035.97;40;3;400;25;6.0;4.6;0;Desligado;1;1;Tributário;400;Rio de Janeiro;RJ;503
317;Masculino;Júnior;2024-07-19;;0;4341.75;10.0;4775.93;20;4;400;63;37.0;1.2;1;Desligado;1;1;Trabalhista;200;Belo Horizonte;MG;504
318;Masculino;Júnior;2024-11-24;;0;4016.79;2.0;4097.13;40;3;200;26;3.0;4.9;0;Ativo;0;1;Tributário;400;Rio de Janeiro;RJ;503
319;Feminino;Júnior;2024-04-25;;0;4609.37;1.0;4655.46;20;3;300;54;49.0;1.7;1;Desligado;1;1;Trabalhista;200;Rio de Janeiro;RJ;503
320;Feminino;Pleno;2022-12-07;;0;7146.4;19.0;8504.22;20;2;100;61;36.0;1.4;1;Desligado;1;1;Trabalhista;200;São Paulo;SP;502
321;Não-binário;Pleno;2021-07-09;2022-08-05;1;8335.53;10.0;9169.08;30;2;400;32;14.0;3.6;0;Ativo;0;1;Corporativo;300;São Paulo;SP;502
322;Masculino;Júnior;2025-06-28;;0;3632.03;8.0;3922.59;10;3;502;21;12.0;4.1;0;Ativo;0;1;Civil;100;Rio de Janeiro;RJ;503
323;Masculino;Júnior;2024-12-29;;0;4437.85;0.0;4437.85;20;1;300;62;43.0;1.3;0;Desligado;1;0;Trabalhista;200;Salvador;BA;501
324;Feminino;Pleno;2022-12-02;2024-11-13;1;7376.57;14.0;8409.29;40;2;200;22;16.0;;0;Ativo;0;1;Tributário;400;São Paulo;SP;502
325;Feminino;Júnior;2025-12-06;;0;4557.7;1.0;4603.28;20;2;100;62;52.0;2.3;1;Desligado;1;1;Trabalhista;200;São Paulo;SP;502
326;Feminino;Júnior;2024-11-22;;0;4820.2;3.0;4964.81;20;3;501;48;39.0;1.3;0;Ativo;0;1;Trabalhista;200;Rio de Janeiro;RJ;503
327;Não-binário;Pleno;2021-04-17;2023-04-03;1;5738.43;20.0;6886.12;30;2;200;17;14.0;4.1;0;Ativo;0;1;Corporativo;300;São Paulo;SP;502
328;Feminino;Júnior;2025-02-22;;0;4646.81;2.0;4739.75;20;2;300;59;54.0;1.7;0;Desligado;1;1;Trabalhista;200;São Paulo;SP;502
329;Masculino;Pleno;2024-05-08;;0;7706.0;18.0;9093.08;40;2;100;26;16.0;4.7;1;Ativo;0;1;Tributário;400;São Paulo;SP;502
330;Não-binário;Júnior;2025-07-25;;0;4081.1;4.0;4244.34;20;4;501;59;40.0;1.6;0;Desligado;1;1;Trabalhista;200;Belo Horizonte;MG;504
331;Masculino;Pleno;2020-07-04;2022-03-17;1;7836.19;16.0;9089.98;10;2;501;26;2.0;3.5;0;Ativo;0;1;Civil;100;São Paulo;SP;502
332;Feminino;Júnior;2024-11-27;;0;4537.58;7.0;4855.21;20;4;502;65;46.0;1.1;1;Ativo;0;1;Trabalhista;200;Belo Horizonte;MG;504
333;Masculino;Sênior;2019-02-19;2022-02-18;1;12044.71;25.0;15055.89;40;2;300;34;3.0;4.0;1;Ativo;0;1;Tributário;400;São Paulo;SP;502
334;Não-binário;Júnior;2024-04-30;;0;4847.81;7.0;5187.16;40;3;400;29;2.0;4.3;1;Ativo;0;1;Tributário;400;Rio de Janeiro;RJ;503
335;Não-binário;Pleno;2022-07-18;2024-02-12;1;7303.65;10.0;8034.02;20;2;100;49;36.0;1.9;1;Ativo;0;1;Trabalhista;200;São Paulo;SP;502
336;Não-binário;Pleno;2023-05-20;2024-10-18;1;5763.11;19.0;6858.1;20;1;501;67;57.0;1.8;0;Ativo;0;1;Trabalhista;200;Salvador;BA;501
337;Não-binário;Júnior;2025-01-03;;0;4897.22;8.0;5289.0;20;4;100;47;44.0;1.7;1;Ativo;0;1;Trabalhista;200;Belo Horizonte;MG;504
338;Não-binário;Pleno;2022-12-10;;0;6127.15;17.0;7168.77;30;3;300;34;11.0;4.0;0;Desligado;1;1;Corporativo;300;Rio de Janeiro;RJ;503
339;Feminino;Júnior;2025-07-30;;0;4244.6;3.0;4371.94;30;3;502;12;5.0;3.2;0;Ativo;0;1;Corporativo;300;Rio de Janeiro;RJ;503
340;Não-binário;Júnior;2025-02-27;;0;3568.24;4.0;3710.97;10;2;501;14;11.0;3.7;1;Ativo;0;1;Civil;100;São Paulo;SP;502
341;Feminino;Sênior;2018-12-01;2024-11-29;1;9631.03;30.0;12520.34;30;1;400;27;3.0;4.4;1;Ativo;0;1;Corporativo;300;Salvador;BA;501
342;Não-binário;Júnior;2025-04-18;;0;4675.98;8.0;5050.06;20;4;300;45;41.0;1.8;1;Ativo;0;1;Trabalhista;200;Belo Horizonte;MG;504
343;Feminino;Pleno;2020-03-04;;0;6625.72;12.0;7420.81;30;1;300;15;11.0;;0;Desligado;1;1;Corporativo;300;Salvador;BA;501
344;Masculino;Sênior;2019-10-15;2023-10-14;1;10861.83;23.0;13360.05;10;3;100;18;4.0;4.0;1;Ativo;0;1;Civil;100;Rio de Janeiro;RJ;503
345;Feminino;Júnior;2025-05-10;;0;4598.66;0.0;4598.66;40;2;501;26;14.0;4.5;0;Ativo;0;0;Tributário;400;São Paulo;SP;502
346;Masculino;Júnior;2025-12-04;;0;4772.19;9.0;5201.69;10;1;300;21;22.0;4.8;0;Ativo;0;1;Civil;100;Salvador;BA;501
347;Masculino;Pleno;2022-12-26;;0;6823.35;10.0;7505.69;20;2;501;62;51.0;1.1;0;Desligado;1;1;Trabalhista;200;São Paulo;SP;502
348;Masculino;Pleno;2023-12-13;;0;7222.25;10.0;7944.48;30;3;100;12;17.0;4.8;0;Ativo;0;1;Corporativo;300;Rio de Janeiro;RJ;503
349;Feminino;Júnior;2025-03-12;;0;4087.88;5.0;4292.27;10;4;400;18;19.0;3.3;0;Ativo;0;1;Civil;100;Belo Horizonte;MG;504
350;Não-binário;Júnior;2024-04-09;;0;4183.38;9.0;4559.88;20;1;502;53;46.0;1.5;0;Desligado;1;1;Trabalhista;200;Salvador;BA;501
351;Masculino;Pleno;2020-03-02;2021-04-04;1;6554.32;18.0;7734.1;30;3;502;24;5.0;3.8;1;Ativo;0;1;Corporativo;300;Rio de Janeiro;RJ;503
352;Não-binário;Pleno;2022-03-31;;0;6215.73;11.0;6899.46;10;3;400;18;20.0;4.0;1;Desligado;1;1;Civil;100;Rio de Janeiro;RJ;503
353;Feminino;Júnior;2025-12-29;;0;4361.28;2.0;4448.51;30;2;100;21;14.0;3.3;0;Ativo;0;1;Corporativo;300;São Paulo;SP;502
354;Masculino;Sócio;2013-01-05;2018-03-11;1;23089.06;35.0;31170.23;40;3;;26;19.0;3.7;0;Ativo;0;1;Tributário;400;Rio de Janeiro;RJ;503
355;Feminino;Júnior;2024-11-02;;0;4355.41;9.0;4747.4;40;2;400;12;21.0;5.0;1;Ativo;0;1;Tributário;400;São Paulo;SP;502
356;Feminino;Júnior;2025-07-16;;0;4951.85;3.0;5100.41;20;3;502;58;57.0;1.8;1;Desligado;1;1;Trabalhista;200;Rio de Janeiro;RJ;503
357;Masculino;Pleno;2022-06-10;2024-03-15;1;6020.23;12.0;6742.66;30;4;100;33;6.0;3.4;0;Ativo;0;1;Corporativo;300;Belo Horizonte;MG;504
358;Não-binário;Pleno;2023-09-09;;0;8470.65;19.0;10080.07;10;2;400;31;7.0;4.0;1;Ativo;0;1;Civil;100;São Paulo;SP;502
359;Masculino;Júnior;2024-07-09;;0;4137.16;8.0;4468.13;40;4;100;30;13.0;3.3;1;Ativo;0;1;Tributário;400;Belo Horizonte;MG;504
360;Feminino;Sênior;2019-09-14;2022-09-13;1;13926.11;34.0;18660.99;40;3;400;28;21.0;3.4;0;Desligado;1;1;Tributário;400;Rio de Janeiro;RJ;503
361;Não-binário;Pleno;2021-12-04;;0;5532.35;16.0;6417.53;10;3;502;21;11.0;3.5;1;Desligado;1;1;Civil;100;Rio de Janeiro;RJ;503
362;Feminino;Sênior;2020-03-30;2024-03-29;1;10812.89;29.0;13948.63;30;3;300;16;18.0;;1;Ativo;0;1;Corporativo;300;Rio de Janeiro;RJ;503
363;Não-binário;Júnior;2024-10-08;;0;4786.79;7.0;5121.87;30;2;502;23;7.0;3.7;1;Ativo;0;1;Corporativo;300;São Paulo;SP;502
364;Feminino;Júnior;2024-02-03;;0;4014.27;6.0;4255.13;20;4;502;52;56.0;1.6;1;Desligado;1;1;Trabalhista;200;Belo Horizonte;MG;504
365;Não-binário;Pleno;2020-04-21;2022-03-15;1;7958.59;17.0;9311.55;20;2;400;52;47.0;2.0;1;Ativo;0;1;Trabalhista;200;São Paulo;SP;502
366;Feminino;Júnior;2025-03-21;;0;3517.79;8.0;3799.21;40;3;400;32;13.0;4.9;1;Ativo;0;1;Tributário;400;Rio de Janeiro;RJ;503
367;Masculino;Sênior;2021-07-02;2024-07-01;1;11574.99;26.0;14584.49;30;3;100;33;7.0;3.8;0;Ativo;0;1;Corporativo;300;Rio de Janeiro;RJ;503
368;Feminino;Júnior;2024-04-10;;0;4287.9;0.0;4287.9;10;1;501;31;4.0;3.3;0;Ativo;0;0;Civil;100;Salvador;BA;501
369;Não-binário;Sênior;2017-06-26;2021-06-25;1;12415.58;23.0;15271.16;20;1;100;54;49.0;1.9;1;Ativo;0;1;Trabalhista;200;Salvador;BA;501
370;Masculino;Júnior;2024-09-20;;0;3742.95;4.0;3892.67;40;3;200;17;16.0;3.3;1;Ativo;0;1;Tributário;400;Rio de Janeiro;RJ;503
371;Não-binário;Pleno;2020-08-10;2021-10-22;1;6793.76;11.0;7541.07;40;2;300;14;4.0;4.2;0;Ativo;0;1;Tributário;400;São Paulo;SP;502
372;Masculino;Pleno;2023-08-30;2025-07-22;1;5613.51;19.0;6680.08;40;1;400;28;17.0;4.1;0;Ativo;0;1;Tributário;400;Salvador;BA;501
373;Feminino;Júnior;2025-12-06;;0;4726.96;4.0;4916.04;10;2;502;24;3.0;4.3;1;Ativo;0;1;Civil;100;São Paulo;SP;502
374;Não-binário;Pleno;2020-06-13;;0;7781.36;16.0;9026.38;10;3;100;18;11.0;4.5;0;Desligado;1;1;Civil;100;Rio de Janeiro;RJ;503
375;Feminino;Júnior;2024-07-13;;0;3709.91;8.0;4006.7;30;4;400;32;11.0;4.1;1;Ativo;0;1;Corporativo;300;Belo Horizonte;MG;504
376;Masculino;Sênior;2018-11-23;2021-11-22;1;12442.32;24.0;15428.48;10;1;400;14;3.0;4.5;0;Ativo;0;1;Civil;100;Salvador;BA;501
377;Não-binário;Júnior;2024-09-05;;0;4551.95;9.0;4961.63;10;4;100;17;20.0;3.3;0;Ativo;0;1;Civil;100;Belo Horizonte;MG;504
378;Não-binário;Júnior;2024-08-13;;0;3594.67;10.0;3954.14;10;4;200;30;19.0;3.4;1;Ativo;0;1;Civil;100;Belo Horizonte;MG;504
379;Masculino;Sócio;2013-05-09;2019-02-28;1;22427.26;49.0;33416.62;10;2;;16;5.0;4.6;1;Ativo;0;1;Civil;100;São Paulo;SP;502
380;Feminino;Sênior;2017-06-15;2020-06-14;1;12680.34;33.0;16864.85;40;2;501;18;6.0;4.4;1;Ativo;0;1;Tributário;400;São Paulo;SP;502
381;Feminino;Pleno;2023-06-04;;0;7288.82;15.0;8382.14;40;4;100;12;19.0;;0;Ativo;0;1;Tributário;400;Belo Horizonte;MG;504
382;Não-binário;Pleno;2021-03-25;;0;7379.39;20.0;8855.27;10;3;100;27;7.0;3.5;0;Desligado;1;1;Civil;100;Rio de Janeiro;RJ;503
383;Masculino;Sênior;2019-06-10;2024-06-08;1;12912.84;25.0;16141.05;10;3;200;27;18.0;3.4;0;Ativo;0;1;Civil;100;Rio de Janeiro;RJ;503
384;Masculino;Júnior;2025-11-24;;0;4847.56;6.0;5138.41;40;3;400;19;4.0;4.0;0;Ativo;0;1;Tributário;400;Rio de Janeiro;RJ;503
385;Feminino;Sênior;2020-06-02;2026-06-01;1;11559.83;28.0;14796.58;10;4;100;16;3.0;4.4;0;Ativo;0;1;Civil;100;Belo Horizonte;MG;504
386;Feminino;Sênior;2019-07-29;2025-07-27;1;13488.84;25.0;16861.05;30;2;501;19;4.0;3.9;0;Ativo;0;1;Corporativo;300;São Paulo;SP;502
387;Não-binário;Sênior;2021-09-11;;0;12812.8;33.0;17041.02;40;2;100;30;6.0;4.8;0;Ativo;0;1;Tributário;400;São Paulo;SP;502
388;Feminino;Júnior;2025-05-31;;0;3550.43;3.0;3656.94;40;1;502;14;19.0;4.6;0;Ativo;0;1;Tributário;400;Salvador;BA;501
389;Feminino;Sênior;2018-08-29;2022-08-28;1;11659.02;20.0;13990.82;40;2;300;16;14.0;3.5;0;Desligado;1;1;Tributário;400;São Paulo;SP;502
390;Não-binário;Pleno;2022-02-27;;0;6498.72;20.0;7798.46;40;1;100;31;12.0;4.5;1;Desligado;1;1;Tributário;400;Salvador;BA;501
391;Feminino;Pleno;2022-01-18;2023-09-13;1;6596.71;12.0;7388.32;30;1;400;19;19.0;3.4;0;Ativo;0;1;Corporativo;300;Salvador;BA;501
392;Masculino;Júnior;2024-09-30;;0;4255.35;8.0;4595.78;20;2;502;48;50.0;2.0;1;Ativo;0;1;Trabalhista;200;São Paulo;SP;502
393;Não-binário;Pleno;2023-10-10;2025-09-28;1;8322.63;11.0;9238.12;30;4;100;17;11.0;4.9;0;Ativo;0;1;Corporativo;300;Belo Horizonte;MG;504
394;Masculino;Júnior;2025-12-14;;0;3721.93;10.0;4094.12;10;2;400;29;6.0;4.1;1;Ativo;0;1;Civil;100;São Paulo;SP;502
395;Masculino;Pleno;2020-05-08;;0;7905.97;19.0;9408.1;40;1;400;32;22.0;4.6;1;Desligado;1;1;Tributário;400;Salvador;BA;501
396;Masculino;Pleno;2020-09-27;;0;6419.49;10.0;7061.44;40;4;200;23;11.0;4.0;0;Desligado;1;1;Tributário;400;Belo Horizonte;MG;504
397;Feminino;Júnior;2025-12-26;;0;4539.29;2.0;4630.08;20;3;200;59;43.0;1.5;0;Ativo;0;1;Trabalhista;200;Rio de Janeiro;RJ;503
398;Masculino;Júnior;2025-01-16;;0;4172.64;2.0;4256.09;10;3;502;26;12.0;3.5;0;Ativo;0;1;Civil;100;Rio de Janeiro;RJ;503
399;Masculino;Pleno;2024-03-24;;0;7221.18;11.0;8015.51;30;3;100;13;6.0;4.4;0;Ativo;0;1;Corporativo;300;Rio de Janeiro;RJ;503
400;Masculino;Sócio;2014-06-21;2019-09-16;1;19561.2;51.0;29537.41;30;1;;12;4.0;;1;Ativo;0;1;Corporativo;300;Salvador;BA;501
401;Não-binário;Pleno;2021-02-02;;0;7309.52;12.0;8186.66;40;1;300;23;14.0;3.9;0;Desligado;1;1;Tributário;400;Salvador;BA;501
402;Masculino;Pleno;2023-02-22;;0;7683.56;12.0;8605.59;30;3;501;35;15.0;3.5;0;Desligado;1;1;Corporativo;300;Rio de Janeiro;RJ;503
403;Feminino;Pleno;2022-08-30;;0;7075.9;11.0;7854.25;10;2;400;25;22.0;4.8;0;Desligado;1;1;Civil;100;São Paulo;SP;502
404;Não-binário;Pleno;2024-03-26;2025-06-04;1;7996.85;17.0;9356.31;20;4;100;68;49.0;1.3;1;Ativo;0;1;Trabalhista;200;Belo Horizonte;MG;504
405;Masculino;Pleno;2020-09-11;2022-08-11;1;6363.07;10.0;6999.38;20;3;100;53;50.0;2.4;1;Ativo;0;1;Trabalhista;200;Rio de Janeiro;RJ;503
406;Não-binário;Júnior;2024-09-21;;0;4441.99;2.0;4530.83;30;4;400;30;3.0;3.5;1;Ativo;0;1;Corporativo;300;Belo Horizonte;MG;504
407;Feminino;Júnior;2024-10-06;;0;4041.75;3.0;4163.0;20;3;501;65;40.0;2.1;0;Desligado;1;1;Trabalhista;200;Rio de Janeiro;RJ;503
408;Masculino;Pleno;2021-07-09;;0;7565.04;12.0;8472.84;20;3;400;54;46.0;2.1;1;Desligado;1;1;Trabalhista;200;Rio de Janeiro;RJ;503
409;Feminino;Sênior;2017-11-13;2021-11-12;1;12013.95;23.0;14777.16;30;2;100;14;5.0;4.7;1;Ativo;0;1;Corporativo;300;São Paulo;SP;502
410;Masculino;Pleno;2020-10-11;;0;8169.18;14.0;9312.87;40;3;502;35;5.0;3.6;0;Desligado;1;1;Tributário;400;Rio de Janeiro;RJ;503
411;Masculino;Pleno;2021-03-05;;0;5735.81;17.0;6710.9;20;2;502;46;41.0;1.2;1;Desligado;1;1;Trabalhista;200;São Paulo;SP;502
412;Feminino;Sócio;2012-06-26;2015-12-19;1;18990.35;54.0;29245.14;10;4;;17;13.0;3.3;1;Ativo;0;1;Civil;100;Belo Horizonte;MG;504
413;Não-binário;Sênior;2018-12-23;2022-12-22;1;12258.3;23.0;15077.71;20;3;300;61;41.0;2.0;0;Ativo;0;1;Trabalhista;200;Rio de Janeiro;RJ;503
414;Não-binário;Júnior;2024-08-07;;0;4880.72;1.0;4929.53;20;1;400;50;46.0;2.4;1;Ativo;0;1;Trabalhista;200;Salvador;BA;501
415;Masculino;Júnior;2024-11-17;;0;3685.42;5.0;3869.69;20;2;400;60;38.0;1.5;0;Ativo;0;1;Trabalhista;200;São Paulo;SP;502
416;Feminino;Júnior;2025-02-21;;0;3935.88;0.0;3935.88;30;4;400;33;17.0;4.4;1;Ativo;0;0;Corporativo;300;Belo Horizonte;MG;504
417;Feminino;Sênior;2019-03-20;2025-03-18;1;12836.44;22.0;15660.46;40;1;400;22;8.0;4.3;0;Desligado;1;1;Tributário;400;Salvador;BA;501
418;Masculino;Sócio;2015-02-14;2021-11-10;1;24407.87;47.0;35879.57;10;2;;31;14.0;5.0;1;Ativo;0;1;Civil;100;São Paulo;SP;502
419;Masculino;Pleno;2020-09-07;;0;6991.82;11.0;7760.92;30;2;400;33;2.0;;0;Desligado;1;1;Corporativo;300;São Paulo;SP;502
420;Masculino;Júnior;2025-09-30;;0;3644.5;10.0;4008.95;30;2;501;27;17.0;4.1;0;Ativo;0;1;Corporativo;300;São Paulo;SP;502
421;Feminino;Júnior;2024-05-01;;0;4075.44;10.0;4482.98;30;1;200;21;7.0;4.1;1;Ativo;0;1;Corporativo;300;Salvador;BA;501
422;Masculino;Pleno;2023-03-11;;0;7480.24;18.0;8826.68;30;4;400;24;10.0;4.1;0;Desligado;1;1;Corporativo;300;Belo Horizonte;MG;504
423;Masculino;Júnior;2024-01-29;;0;4385.7;5.0;4604.98;30;3;300;24;5.0;4.0;0;Ativo;0;1;Corporativo;300;Rio de Janeiro;RJ;503
424;Feminino;Júnior;2024-09-10;;0;3851.93;2.0;3928.97;40;3;400;12;19.0;3.8;1;Ativo;0;1;Tributário;400;Rio de Janeiro;RJ;503
425;Masculino;Sócio;2017-04-07;2021-08-26;1;20579.37;38.0;28399.53;40;4;;18;12.0;4.1;0;Ativo;0;1;Tributário;400;Belo Horizonte;MG;504
426;Não-binário;Pleno;2022-01-14;;0;6105.28;14.0;6960.02;30;2;400;13;11.0;5.0;0;Desligado;1;1;Corporativo;300;São Paulo;SP;502
427;Não-binário;Pleno;2020-07-13;2022-05-12;1;5701.81;11.0;6329.01;20;1;400;54;51.0;2.1;0;Ativo;0;1;Trabalhista;200;Salvador;BA;501
428;Masculino;Pleno;2021-05-29;2023-04-13;1;7514.68;19.0;8942.47;30;2;502;18;16.0;3.7;0;Ativo;0;1;Corporativo;300;São Paulo;SP;502
429;Não-binário;Júnior;2025-01-08;;0;4193.73;1.0;4235.67;40;1;300;32;8.0;4.7;1;Ativo;0;1;Tributário;400;Salvador;BA;501
430;Masculino;Júnior;2024-08-29;;0;4108.8;8.0;4437.5;30;2;100;25;15.0;4.4;0;Ativo;0;1;Corporativo;300;São Paulo;SP;502
431;Masculino;Júnior;2024-01-30;;0;3887.6;0.0;3887.6;20;2;100;47;45.0;1.8;0;Desligado;1;0;Trabalhista;200;São Paulo;SP;502
432;Não-binário;Júnior;2025-02-10;;0;4914.74;10.0;5406.21;40;3;100;30;18.0;3.7;0;Ativo;0;1;Tributário;400;Rio de Janeiro;RJ;503
433;Masculino;Sênior;2021-09-01;;0;13709.75;25.0;17137.19;20;1;501;59;48.0;1.4;0;Ativo;0;1;Trabalhista;200;Salvador;BA;501
434;Não-binário;Pleno;2023-12-03;2025-01-28;1;6771.34;17.0;7922.47;10;4;501;21;2.0;4.4;0;Ativo;0;1;Civil;100;Belo Horizonte;MG;504
435;Não-binário;Pleno;2021-06-02;;0;6427.81;17.0;7520.54;10;1;300;12;14.0;4.9;0;Desligado;1;1;Civil;100;Salvador;BA;501
436;Feminino;Pleno;2021-03-06;;0;5980.68;10.0;6578.75;30;1;400;14;17.0;4.0;0;Desligado;1;1;Corporativo;300;Salvador;BA;501
437;Feminino;Pleno;2023-12-01;;0;5699.1;17.0;6667.95;30;4;502;13;22.0;4.4;0;Ativo;0;1;Corporativo;300;Belo Horizonte;MG;504
438;Feminino;Pleno;2021-02-13;2022-12-31;1;7227.43;19.0;8600.64;40;2;502;25;12.0;;0;Ativo;0;1;Tributário;400;São Paulo;SP;502
439;Feminino;Sênior;2021-08-21;;0;11365.23;27.0;14433.84;20;3;200;62;55.0;1.9;0;Ativo;0;1;Trabalhista;200;Rio de Janeiro;RJ;503
440;Feminino;Júnior;2025-12-19;;0;4777.75;2.0;4873.31;10;4;501;30;5.0;3.2;1;Ativo;0;1;Civil;100;Belo Horizonte;MG;504
441;Não-binário;Pleno;2020-08-30;2021-12-22;1;6071.63;16.0;7043.09;40;4;300;25;8.0;4.3;0;Ativo;0;1;Tributário;400;Belo Horizonte;MG;504
442;Feminino;Pleno;2020-10-25;;0;8428.38;19.0;10029.77;20;4;400;65;49.0;1.1;1;Desligado;1;1;Trabalhista;200;Belo Horizonte;MG;504
443;Não-binário;Júnior;2025-12-04;;0;3818.33;0.0;3818.33;20;3;400;46;45.0;2.3;0;Desligado;1;0;Trabalhista;200;Rio de Janeiro;RJ;503
444;Feminino;Pleno;2022-10-30;2024-09-11;1;8432.57;19.0;10034.76;30;1;300;20;7.0;4.1;0;Ativo;0;1;Corporativo;300;Salvador;BA;501
445;Feminino;Pleno;2023-12-25;;0;5925.39;14.0;6754.94;40;2;300;25;11.0;4.8;1;Ativo;0;1;Tributário;400;São Paulo;SP;502
446;Masculino;Sênior;2018-10-09;2024-10-07;1;13338.65;21.0;16139.77;30;3;400;13;9.0;3.5;0;Ativo;0;1;Corporativo;300;Rio de Janeiro;RJ;503
447;Não-binário;Júnior;2025-03-22;;0;3674.04;7.0;3931.22;30;2;100;15;6.0;3.4;0;Ativo;0;1;Corporativo;300;São Paulo;SP;502
448;Feminino;Sênior;2021-03-16;2026-03-15;1;10455.78;25.0;13069.73;20;3;300;52;50.0;1.9;0;Ativo;0;1;Trabalhista;200;Rio de Janeiro;RJ;503
449;Não-binário;Pleno;2022-03-18;2023-09-25;1;8353.66;20.0;10024.39;10;3;501;26;22.0;4.9;1;Ativo;0;1;Civil;100;Rio de Janeiro;RJ;503
450;Feminino;Pleno;2022-07-16;2023-12-29;1;8499.46;10.0;9349.41;10;3;502;21;12.0;4.6;0;Ativo;0;1;Civil;100;Rio de Janeiro;RJ;503
451;Feminino;Júnior;2024-09-18;;0;3767.02;6.0;3993.04;10;4;502;21;22.0;4.6;0;Ativo;0;1;Civil;100;Belo Horizonte;MG;504
452;Masculino;Júnior;2025-03-18;;0;4603.83;8.0;4972.14;20;1;400;51;50.0;1.6;0;Desligado;1;1;Trabalhista;200;Salvador;BA;501
453;Não-binário;Sênior;2019-05-17;2022-05-16;1;12262.41;22.0;14960.14;40;3;502;22;16.0;4.4;1;Ativo;0;1;Tributário;400;Rio de Janeiro;RJ;503
454;Não-binário;Pleno;2020-06-20;2021-11-15;1;5737.55;13.0;6483.43;20;4;501;58;44.0;1.8;1;Ativo;0;1;Trabalhista;200;Belo Horizonte;MG;504
455;Não-binário;Júnior;2025-06-06;;0;4137.37;9.0;4509.73;10;1;502;14;18.0;3.2;0;Ativo;0;1;Civil;100;Salvador;BA;501
456;Feminino;Pleno;2020-04-02;;0;8130.27;19.0;9675.02;40;2;100;22;7.0;3.6;0;Desligado;1;1;Tributário;400;São Paulo;SP;502
457;Masculino;Júnior;2024-01-19;;0;3508.77;9.0;3824.56;30;1;502;31;13.0;;0;Ativo;0;1;Corporativo;300;Salvador;BA;501
458;Feminino;Júnior;2024-05-18;;0;3520.81;10.0;3872.89;40;3;502;16;22.0;3.6;0;Ativo;0;1;Tributário;400;Rio de Janeiro;RJ;503
459;Masculino;Júnior;2024-05-31;;0;4210.98;0.0;4210.98;20;1;300;59;53.0;1.3;0;Desligado;1;0;Trabalhista;200;Salvador;BA;501
460;Masculino;Júnior;2024-04-15;;0;4445.61;7.0;4756.8;40;1;502;24;17.0;4.1;1;Ativo;0;1;Tributário;400;Salvador;BA;501
461;Não-binário;Pleno;2022-12-17;;0;7229.21;17.0;8458.18;40;2;300;27;21.0;4.9;1;Desligado;1;1;Tributário;400;São Paulo;SP;502
462;Feminino;Sênior;2018-08-13;2022-08-12;1;11784.36;34.0;15791.04;40;4;502;35;14.0;4.9;0;Ativo;0;1;Tributário;400;Belo Horizonte;MG;504
463;Feminino;Sênior;2018-03-01;2023-02-28;1;11673.0;35.0;15758.55;30;4;501;27;11.0;3.6;0;Ativo;0;1;Corporativo;300;Belo Horizonte;MG;504
464;Masculino;Pleno;2022-01-01;2023-12-13;1;7983.85;16.0;9261.27;10;1;200;31;9.0;3.4;0;Ativo;0;1;Civil;100;Salvador;BA;501
465;Masculino;Pleno;2024-04-24;;0;8133.14;10.0;8946.45;40;3;501;26;5.0;5.0;1;Ativo;0;1;Tributário;400;Rio de Janeiro;RJ;503
466;Não-binário;Júnior;2024-06-20;;0;4444.89;7.0;4756.03;10;1;300;35;5.0;3.5;1;Ativo;0;1;Civil;100;Salvador;BA;501
467;Feminino;Pleno;2022-06-18;2024-01-16;1;5519.76;11.0;6126.93;30;2;502;23;15.0;3.8;0;Ativo;0;1;Corporativo;300;São Paulo;SP;502
468;Não-binário;Júnior;2024-08-21;;0;3706.99;7.0;3966.48;20;2;501;49;35.0;2.0;1;Desligado;1;1;Trabalhista;200;São Paulo;SP;502
469;Masculino;Sócio;2016-07-03;2021-12-29;1;18296.75;55.0;28359.96;10;1;;32;18.0;5.0;0;Ativo;0;1;Civil;100;Salvador;BA;501
470;Não-binário;Pleno;2021-09-15;;0;6441.09;16.0;7471.66;40;4;501;32;8.0;4.8;0;Desligado;1;1;Tributário;400;Belo Horizonte;MG;504
471;Não-binário;Pleno;2024-05-07;2025-08-16;1;5752.84;13.0;6500.71;40;3;300;28;19.0;3.8;1;Ativo;0;1;Tributário;400;Rio de Janeiro;RJ;503
472;Feminino;Sênior;2020-04-28;2025-04-27;1;12769.29;21.0;15450.84;20;1;100;65;51.0;1.5;0;Ativo;0;1;Trabalhista;200;Salvador;BA;501
473;Masculino;Pleno;2024-02-18;2025-02-19;1;8448.85;15.0;9716.18;10;4;502;21;20.0;4.4;1;Ativo;0;1;Civil;100;Belo Horizonte;MG;504
474;Feminino;Pleno;2022-11-23;;0;7968.53;11.0;8845.07;40;2;400;13;15.0;4.8;1;Desligado;1;1;Tributário;400;São Paulo;SP;502
475;Feminino;Júnior;2025-11-24;;0;4289.38;6.0;4546.74;20;4;400;59;57.0;2.3;0;Ativo;0;1;Trabalhista;200;Belo Horizonte;MG;504
476;Feminino;Júnior;2024-05-10;;0;4227.15;7.0;4523.05;40;2;501;27;3.0;;0;Ativo;0;1;Tributário;400;São Paulo;SP;502
477;Não-binário;Júnior;2024-04-22;;0;3681.3;4.0;3828.55;30;1;200;21;17.0;3.3;0;Ativo;0;1;Corporativo;300;Salvador;BA;501
478;Feminino;Júnior;2024-10-17;;0;3823.37;6.0;4052.77;20;4;400;60;53.0;1.4;1;Ativo;0;1;Trabalhista;200;Belo Horizonte;MG;504
479;Masculino;Pleno;2020-09-28;;0;7014.29;15.0;8066.43;30;4;200;31;21.0;3.9;1;Desligado;1;1;Corporativo;300;Belo Horizonte;MG;504
480;Não-binário;Pleno;2023-10-05;;0;7707.74;18.0;9095.13;40;3;200;15;22.0;4.2;0;Ativo;0;1;Tributário;400;Rio de Janeiro;RJ;503
481;Masculino;Júnior;2024-01-20;;0;3680.42;7.0;3938.05;10;2;400;14;19.0;4.3;0;Ativo;0;1;Civil;100;São Paulo;SP;502
482;Feminino;Júnior;2025-03-23;;0;3770.76;8.0;4072.42;10;4;300;17;11.0;3.5;1;Ativo;0;1;Civil;100;Belo Horizonte;MG;504
483;Masculino;Sócio;2013-11-24;2016-12-18;1;18468.01;47.0;27147.97;10;2;;25;12.0;3.7;1;Ativo;0;1;Civil;100;São Paulo;SP;502
484;Feminino;Júnior;2025-09-03;;0;4379.04;5.0;4597.99;10;1;400;26;19.0;3.9;0;Ativo;0;1;Civil;100;Salvador;BA;501
485;Não-binário;Pleno;2020-02-08;;0;8390.42;14.0;9565.08;10;4;502;25;16.0;3.4;1;Desligado;1;1;Civil;100;Belo Horizonte;MG;504
486;Masculino;Pleno;2020-12-10;;0;7112.61;10.0;7823.87;20;2;200;64;44.0;1.9;1;Desligado;1;1;Trabalhista;200;São Paulo;SP;502
487;Masculino;Pleno;2023-05-09;2024-09-13;1;6640.46;10.0;7304.51;10;1;300;35;19.0;4.2;1;Ativo;0;1;Civil;100;Salvador;BA;501
488;Não-binário;Júnior;2024-05-23;;0;4587.61;5.0;4816.99;10;4;502;32;10.0;5.0;1;Ativo;0;1;Civil;100;Belo Horizonte;MG;504
489;Feminino;Pleno;2021-11-30;;0;8376.98;19.0;9968.61;40;3;400;12;2.0;4.4;0;Desligado;1;1;Tributário;400;Rio de Janeiro;RJ;503
490;Não-binário;Júnior;2025-10-26;;0;4476.9;6.0;4745.51;40;4;502;31;13.0;3.9;1;Ativo;0;1;Tributário;400;Belo Horizonte;MG;504
491;Masculino;Júnior;2024-07-16;;0;4166.87;9.0;4541.89;10;1;200;32;11.0;4.7;0;Ativo;0;1;Civil;100;Salvador;BA;501
492;Masculino;Sênior;2018-07-29;2024-07-27;1;10440.89;32.0;13781.97;20;4;501;63;51.0;1.7;0;Ativo;0;1;Trabalhista;200;Belo Horizonte;MG;504
493;Feminino;Júnior;2024-05-11;;0;4618.96;10.0;5080.86;20;2;501;45;57.0;1.9;0;Desligado;1;1;Trabalhista;200;São Paulo;SP;502
494;Feminino;Sênior;2020-08-05;2023-08-05;1;13299.54;34.0;17821.38;30;4;200;28;3.0;4.8;0;Ativo;0;1;Corporativo;300;Belo Horizonte;MG;504
495;Masculino;Pleno;2022-07-08;;0;6675.58;16.0;7743.67;10;3;300;19;8.0;;1;Desligado;1;1;Civil;100;Rio de Janeiro;RJ;503
496;Feminino;Sênior;2019-06-04;2022-06-03;1;11004.36;35.0;14855.89;10;1;200;13;12.0;4.1;0;Ativo;0;1;Civil;100;Salvador;BA;501
497;Feminino;Júnior;2025-08-15;;0;3687.24;7.0;3945.35;10;4;400;13;11.0;4.3;0;Ativo;0;1;Civil;100;Belo Horizonte;MG;504
498;Não-binário;Pleno;2023-02-19;;0;8049.79;19.0;9579.25;10;1;400;31;2.0;4.0;1;Desligado;1;1;Civil;100;Salvador;BA;501
499;Masculino;Júnior;2025-04-09;;0;4275.82;2.0;4361.34;40;1;400;32;18.0;3.7;1;Ativo;0;1;Tributário;400;Salvador;BA;501
500;Feminino;Júnior;2024-05-20;;0;4695.54;9.0;5118.14;40;4;300;29;6.0;3.5;0;Ativo;0;1;Tributário;400;Belo Horizonte;MG;504
501;Masculino;Júnior;2025-06-14;;0;4379.66;5.0;4598.64;30;3;200;18;8.0;4.4;0;Ativo;0;1;Corporativo;300;Rio de Janeiro;RJ;503
502;Feminino;Júnior;2025-12-12;;0;4537.76;4.0;4719.27;10;3;400;25;12.0;3.5;1;Ativo;0;1;Civil;100;Rio de Janeiro;RJ;503
503;Feminino;Pleno;2023-08-01;;0;6190.82;13.0;6995.63;10;4;100;17;2.0;3.9;0;Ativo;0;1;Civil;100;Belo Horizonte;MG;504
504;Não-binário;Pleno;2020-10-18;;0;6083.21;13.0;6874.03;30;1;300;21;7.0;3.6;1;Desligado;1;1;Corporativo;300;Salvador;BA;501
505;Não-binário;Sócio;2014-01-01;2017-11-02;1;18167.95;39.0;25253.45;20;3;;55;41.0;1.4;0;Ativo;0;1;Trabalhista;200;Rio de Janeiro;RJ;503
506;Masculino;Sênior;2019-12-16;2025-12-14;1;10149.95;26.0;12788.94;20;3;400;67;46.0;1.4;0;Ativo;0;1;Trabalhista;200;Rio de Janeiro;RJ;503
507;Não-binário;Júnior;2024-07-12;;0;4781.65;8.0;5164.18;20;1;100;63;50.0;1.3;1;Ativo;0;1;Trabalhista;200;Salvador;BA;501
508;Feminino;Júnior;2025-02-01;;0;4626.96;5.0;4858.31;40;1;400;28;17.0;4.5;0;Ativo;0;1;Tributário;400;Salvador;BA;501
509;Não-binário;Pleno;2023-07-30;;0;7251.95;13.0;8194.7;40;3;400;18;11.0;4.0;0;Ativo;0;1;Tributário;400;Rio de Janeiro;RJ;503
510;Masculino;Pleno;2020-06-22;2021-08-29;1;6385.14;18.0;7534.47;20;3;400;55;48.0;1.6;0;Ativo;0;1;Trabalhista;200;Rio de Janeiro;RJ;503
511;Masculino;Júnior;2024-10-06;;0;4073.56;8.0;4399.44;40;3;300;28;19.0;4.4;0;Ativo;0;1;Tributário;400;Rio de Janeiro;RJ;503
512;Feminino;Pleno;2022-01-07;;0;6100.92;13.0;6894.04;20;1;300;49;57.0;2.0;0;Desligado;1;1;Trabalhista;200;Salvador;BA;501
513;Masculino;Pleno;2024-05-22;;0;8337.45;20.0;10004.94;10;3;502;16;14.0;3.6;0;Ativo;0;1;Civil;100;Rio de Janeiro;RJ;503
514;Feminino;Júnior;2025-08-24;;0;4678.96;6.0;4959.7;20;4;400;67;48.0;;0;Ativo;0;1;Trabalhista;200;Belo Horizonte;MG;504
515;Feminino;Sênior;2021-11-25;2025-11-24;1;11749.1;30.0;15273.83;10;3;502;25;14.0;4.6;0;Ativo;0;1;Civil;100;Rio de Janeiro;RJ;503
516;Não-binário;Pleno;2023-03-08;;0;8266.43;16.0;9589.06;30;3;200;24;4.0;4.2;1;Desligado;1;1;Corporativo;300;Rio de Janeiro;RJ;503
517;Masculino;Sênior;2019-07-14;2024-07-12;1;11988.08;35.0;16183.91;40;1;400;18;4.0;4.8;1;Desligado;1;1;Tributário;400;Salvador;BA;501
518;Feminino;Júnior;2025-11-06;;0;4286.59;2.0;4372.32;30;2;400;15;6.0;4.2;0;Ativo;0;1;Corporativo;300;São Paulo;SP;502
519;Feminino;Júnior;2024-07-29;;0;3964.64;3.0;4083.58;10;4;100;28;16.0;3.7;0;Ativo;0;1;Civil;100;Belo Horizonte;MG;504
520;Feminino;Júnior;2025-09-11;;0;4711.35;0.0;4711.35;20;4;400;68;37.0;1.4;0;Ativo;0;0;Trabalhista;200;Belo Horizonte;MG;504
521;Masculino;Pleno;2020-12-24;;0;6038.73;19.0;7186.09;30;3;200;24;3.0;3.6;1;Desligado;1;1;Corporativo;300;Rio de Janeiro;RJ;503
522;Não-binário;Pleno;2023-11-30;2025-03-20;1;6733.83;11.0;7474.55;30;3;300;22;15.0;4.0;1;Ativo;0;1;Corporativo;300;Rio de Janeiro;RJ;503
523;Masculino;Sócio;2012-10-26;2020-09-25;1;21173.39;35.0;28584.08;20;1;;55;56.0;2.0;1;Ativo;0;1;Trabalhista;200;Salvador;BA;501
524;Feminino;Pleno;2023-01-28;2024-12-29;1;8350.06;10.0;9185.07;40;4;501;15;7.0;3.7;0;Ativo;0;1;Tributário;400;Belo Horizonte;MG;504
525;Feminino;Júnior;2025-11-24;;0;3909.88;0.0;3909.88;40;2;502;32;18.0;4.4;0;Ativo;0;0;Tributário;400;São Paulo;SP;502
526;Não-binário;Júnior;2025-03-30;;0;3578.62;3.0;3685.98;10;4;100;14;2.0;4.0;1;Ativo;0;1;Civil;100;Belo Horizonte;MG;504
527;Não-binário;Júnior;2024-08-13;;0;4938.12;8.0;5333.17;30;2;502;15;12.0;3.8;1;Ativo;0;1;Corporativo;300;São Paulo;SP;502
528;Não-binário;Júnior;2025-03-14;;0;3681.21;6.0;3902.08;20;2;502;51;49.0;1.3;0;Ativo;0;1;Trabalhista;200;São Paulo;SP;502
529;Feminino;Júnior;2024-08-11;;0;4116.65;1.0;4157.82;30;3;502;31;12.0;5.0;1;Ativo;0;1;Corporativo;300;Rio de Janeiro;RJ;503
530;Masculino;Pleno;2023-07-25;;0;7562.88;10.0;8319.17;40;2;502;30;16.0;3.9;1;Ativo;0;1;Tributário;400;São Paulo;SP;502
531;Feminino;Júnior;2025-09-23;;0;4638.41;2.0;4731.18;20;1;200;56;50.0;1.4;0;Ativo;0;1;Trabalhista;200;Salvador;BA;501
532;Não-binário;Pleno;2021-05-02;;0;7294.23;14.0;8315.42;40;2;400;32;3.0;4.1;0;Desligado;1;1;Tributário;400;São Paulo;SP;502
533;Feminino;Pleno;2021-12-02;;0;7117.94;19.0;8470.35;30;1;502;28;12.0;;0;Desligado;1;1;Corporativo;300;Salvador;BA;501
534;Masculino;Júnior;2024-07-16;;0;3578.16;8.0;3864.41;10;1;300;14;15.0;4.5;1;Ativo;0;1;Civil;100;Salvador;BA;501
535;Feminino;Júnior;2024-06-29;;0;4408.78;1.0;4452.87;20;2;400;56;47.0;1.5;0;Ativo;0;1;Trabalhista;200;São Paulo;SP;502
536;Não-binário;Sênior;2021-02-14;;0;13071.01;33.0;17384.44;40;4;502;31;19.0;3.5;1;Ativo;0;1;Tributário;400;Belo Horizonte;MG;504
537;Masculino;Pleno;2021-09-18;;0;6625.44;13.0;7486.75;20;3;501;51;35.0;1.0;1;Desligado;1;1;Trabalhista;200;Rio de Janeiro;RJ;503
538;Masculino;Pleno;2022-03-19;2023-09-26;1;6423.43;16.0;7451.18;30;4;300;17;8.0;4.6;1;Ativo;0;1;Corporativo;300;Belo Horizonte;MG;504
539;Não-binário;Sócio;2012-08-24;2019-09-15;1;18276.06;46.0;26683.05;30;4;;16;10.0;4.3;0;Ativo;0;1;Corporativo;300;Belo Horizonte;MG;504
540;Feminino;Júnior;2025-08-15;;0;4927.67;9.0;5371.16;20;3;400;47;51.0;2.3;0;Desligado;1;1;Trabalhista;200;Rio de Janeiro;RJ;503
541;Masculino;Sócio;2017-08-12;2021-11-04;1;21292.87;37.0;29171.23;20;4;;56;39.0;1.4;0;Ativo;0;1;Trabalhista;200;Belo Horizonte;MG;504
542;Não-binário;Júnior;2024-01-07;;0;4980.54;4.0;5179.76;20;4;300;68;48.0;1.2;0;Desligado;1;1;Trabalhista;200;Belo Horizonte;MG;504
543;Feminino;Júnior;2024-07-05;;0;4253.92;3.0;4381.54;20;2;501;53;48.0;1.6;1;Ativo;0;1;Trabalhista;200;São Paulo;SP;502
544;Feminino;Pleno;2020-06-24;2022-01-03;1;5692.79;10.0;6262.07;10;2;100;20;2.0;4.4;0;Ativo;0;1;Civil;100;São Paulo;SP;502
545;Não-binário;Sênior;2019-02-09;2024-02-08;1;11016.63;30.0;14321.62;10;2;100;23;14.0;3.9;0;Ativo;0;1;Civil;100;São Paulo;SP;502
546;Feminino;Júnior;2025-04-12;;0;4805.81;4.0;4998.04;30;3;501;34;9.0;3.9;0;Ativo;0;1;Corporativo;300;Rio de Janeiro;RJ;503
547;Não-binário;Júnior;2024-01-04;;0;4979.27;10.0;5477.2;40;4;400;26;9.0;4.3;0;Ativo;0;1;Tributário;400;Belo Horizonte;MG;504
548;Masculino;Sênior;2020-09-10;2023-09-10;1;10377.85;21.0;12557.2;10;3;501;14;11.0;4.7;0;Desligado;1;1;Civil;100;Rio de Janeiro;RJ;503
549;Masculino;Pleno;2022-09-14;;0;6222.7;16.0;7218.33;40;2;300;17;12.0;4.8;0;Desligado;1;1;Tributário;400;São Paulo;SP;502
550;Não-binário;Pleno;2023-10-05;2024-12-06;1;8268.21;19.0;9839.17;20;3;502;47;55.0;1.5;0;Ativo;0;1;Trabalhista;200;Rio de Janeiro;RJ;503
551;Feminino;Pleno;2021-06-14;;0;5763.04;19.0;6858.02;40;4;501;16;12.0;4.9;1;Desligado;1;1;Tributário;400;Belo Horizonte;MG;504
552;Feminino;Pleno;2023-01-01;2024-04-07;1;8439.55;11.0;9367.9;10;3;300;12;19.0;;0;Ativo;0;1;Civil;100;Rio de Janeiro;RJ;503
553;Feminino;Júnior;2025-11-27;;0;4183.68;8.0;4518.37;20;3;502;67;38.0;1.4;0;Desligado;1;1;Trabalhista;200;Rio de Janeiro;RJ;503
554;Masculino;Júnior;2025-12-22;;0;4949.74;2.0;5048.73;40;2;502;27;14.0;3.7;0;Ativo;0;1;Tributário;400;São Paulo;SP;502
555;Não-binário;Júnior;2024-12-11;;0;4133.66;3.0;4257.67;20;1;200;67;52.0;1.6;0;Desligado;1;1;Trabalhista;200;Salvador;BA;501
556;Não-binário;Pleno;2022-07-26;;0;7231.47;13.0;8171.56;30;1;502;35;22.0;3.2;0;Desligado;1;1;Corporativo;300;Salvador;BA;501
557;Masculino;Pleno;2023-10-23;2025-01-16;1;5788.14;18.0;6830.01;10;2;200;22;20.0;4.0;0;Ativo;0;1;Civil;100;São Paulo;SP;502
558;Feminino;Pleno;2021-05-08;;0;6408.07;17.0;7497.44;40;2;400;24;10.0;4.3;0;Desligado;1;1;Tributário;400;São Paulo;SP;502
559;Feminino;Júnior;2024-03-25;;0;3683.08;1.0;3719.91;30;1;502;30;7.0;3.9;0;Ativo;0;1;Corporativo;300;Salvador;BA;501
560;Não-binário;Júnior;2024-04-11;;0;3987.84;8.0;4306.87;40;3;501;29;18.0;4.1;0;Ativo;0;1;Tributário;400;Rio de Janeiro;RJ;503
561;Não-binário;Júnior;2024-07-04;;0;4793.01;2.0;4888.87;10;2;100;30;8.0;4.4;1;Ativo;0;1;Civil;100;São Paulo;SP;502
562;Feminino;Júnior;2025-06-02;;0;3947.87;0.0;3947.87;30;1;400;28;11.0;4.4;1;Ativo;0;0;Corporativo;300;Salvador;BA;501
563;Não-binário;Pleno;2022-12-06;2024-06-03;1;7031.77;10.0;7734.95;20;4;200;49;44.0;2.2;0;Ativo;0;1;Trabalhista;200;Belo Horizonte;MG;504
564;Não-binário;Júnior;2024-10-11;;0;3692.74;7.0;3951.23;20;2;502;47;43.0;1.9;1;Ativo;0;1;Trabalhista;200;São Paulo;SP;502
565;Feminino;Júnior;2025-10-10;;0;4545.2;2.0;4636.1;20;2;501;55;48.0;1.5;0;Desligado;1;1;Trabalhista;200;São Paulo;SP;502
566;Masculino;Pleno;2022-12-24;;0;7145.11;14.0;8145.43;20;1;400;52;43.0;1.0;1;Desligado;1;1;Trabalhista;200;Salvador;BA;501
567;Feminino;Pleno;2020-12-25;;0;8126.54;19.0;9670.58;20;4;100;62;43.0;1.9;0;Desligado;1;1;Trabalhista;200;Belo Horizonte;MG;504
568;Masculino;Júnior;2024-12-19;;0;4709.13;2.0;4803.31;20;3;502;53;35.0;2.0;1;Ativo;0;1;Trabalhista;200;Rio de Janeiro;RJ;503
569;Feminino;Júnior;2025-08-04;;0;4603.13;2.0;4695.19;20;2;501;59;46.0;2.1;0;Desligado;1;1;Trabalhista;200;São Paulo;SP;502
570;Masculino;Pleno;2024-01-11;;0;7942.07;15.0;9133.38;30;3;200;32;4.0;3.3;0;Ativo;0;1;Corporativo;300;Rio de Janeiro;RJ;503
571;Não-binário;Pleno;2020-06-22;;0;7162.48;17.0;8380.1;10;2;400;28;19.0;;1;Desligado;1;1;Civil;100;São Paulo;SP;502
572;Não-binário;Júnior;2026-01-01;;0;4137.47;7.0;4427.09;10;2;200;17;18.0;4.8;1;Ativo;0;1;Civil;100;São Paulo;SP;502
573;Feminino;Pleno;2021-12-24;;0;6768.17;20.0;8121.8;10;3;400;29;5.0;3.7;1;Desligado;1;1;Civil;100;Rio de Janeiro;RJ;503
574;Feminino;Sênior;2021-02-20;;0;13699.0;34.0;18356.66;30;3;400;13;13.0;3.2;0;Ativo;0;1;Corporativo;300;Rio de Janeiro;RJ;503
575;Masculino;Pleno;2020-01-11;2021-07-08;1;6058.47;11.0;6724.9;30;3;400;28;6.0;3.9;0;Ativo;0;1;Corporativo;300;Rio de Janeiro;RJ;503
576;Não-binário;Júnior;2024-08-19;;0;4206.05;7.0;4500.47;10;2;300;33;16.0;3.5;1;Ativo;0;1;Civil;100;São Paulo;SP;502
577;Masculino;Pleno;2020-08-14;;0;5620.77;20.0;6744.92;40;1;400;27;10.0;3.4;0;Desligado;1;1;Tributário;400;Salvador;BA;501
578;Masculino;Pleno;2022-10-24;;0;7725.68;12.0;8652.76;40;2;502;23;18.0;3.2;0;Desligado;1;1;Tributário;400;São Paulo;SP;502
579;Não-binário;Júnior;2025-03-15;;0;4964.66;3.0;5113.6;20;1;200;64;39.0;2.0;1;Desligado;1;1;Trabalhista;200;Salvador;BA;501
580;Feminino;Júnior;2025-12-18;;0;3871.03;9.0;4219.42;20;3;100;65;55.0;1.2;1;Desligado;1;1;Trabalhista;200;Rio de Janeiro;RJ;503
581;Feminino;Pleno;2021-01-28;;0;6778.91;16.0;7863.54;20;4;200;54;57.0;1.9;1;Desligado;1;1;Trabalhista;200;Belo Horizonte;MG;504
582;Masculino;Pleno;2020-05-05;2022-01-21;1;5654.97;13.0;6390.12;20;3;100;46;40.0;1.1;0;Ativo;0;1;Trabalhista;200;Rio de Janeiro;RJ;503
583;Masculino;Pleno;2021-07-27;;0;5802.29;14.0;6614.61;30;2;200;15;2.0;4.4;0;Desligado;1;1;Corporativo;300;São Paulo;SP;502
584;Não-binário;Júnior;2025-08-26;;0;4293.29;2.0;4379.16;30;3;501;32;21.0;3.4;0;Ativo;0;1;Corporativo;300;Rio de Janeiro;RJ;503
585;Não-binário;Sênior;2017-07-22;2020-07-21;1;10856.64;24.0;13462.23;20;2;300;51;48.0;1.8;0;Ativo;0;1;Trabalhista;200;São Paulo;SP;502
586;Masculino;Sócio;2016-11-21;2019-10-26;1;24327.08;40.0;34057.91;30;3;;13;20.0;3.3;1;Ativo;0;1;Corporativo;300;Rio de Janeiro;RJ;503
587;Masculino;Júnior;2025-06-09;;0;4957.31;4.0;5155.6;20;4;501;51;40.0;1.0;0;Desligado;1;1;Trabalhista;200;Belo Horizonte;MG;504
588;Não-binário;Pleno;2022-10-28;;0;7075.22;12.0;7924.25;20;1;100;46;52.0;1.3;1;Desligado;1;1;Trabalhista;200;Salvador;BA;501
589;Feminino;Júnior;2024-02-22;;0;4463.62;9.0;4865.35;20;3;502;56;45.0;1.1;1;Desligado;1;1;Trabalhista;200;Rio de Janeiro;RJ;503
590;Masculino;Sênior;2018-08-27;2023-08-26;1;9546.84;25.0;11933.55;30;2;502;29;20.0;;0;Ativo;0;1;Corporativo;300;São Paulo;SP;502
591;Não-binário;Júnior;2025-07-18;;0;3809.24;7.0;4075.89;40;3;400;19;15.0;3.9;0;Ativo;0;1;Tributário;400;Rio de Janeiro;RJ;503
592;Feminino;Júnior;2024-07-08;;0;4723.4;4.0;4912.34;10;4;502;17;7.0;4.7;0;Ativo;0;1;Civil;100;Belo Horizonte;MG;504
593;Feminino;Júnior;2025-03-12;;0;3867.88;9.0;4215.99;20;1;100;48;47.0;1.5;0;Desligado;1;1;Trabalhista;200;Salvador;BA;501
594;Feminino;Júnior;2024-03-26;;0;3901.48;5.0;4096.55;10;1;400;34;4.0;3.6;1;Ativo;0;1;Civil;100;Salvador;BA;501
595;Masculino;Júnior;2025-05-05;;0;3731.77;1.0;3769.09;40;2;400;29;11.0;3.4;0;Ativo;0;1;Tributário;400;São Paulo;SP;502
596;Feminino;Pleno;2021-04-09;;0;5942.13;17.0;6952.29;20;1;300;48;42.0;1.1;1;Desligado;1;1;Trabalhista;200;Salvador;BA;501
597;Não-binário;Júnior;2024-05-01;;0;4040.74;8.0;4364.0;30;1;400;22;21.0;3.5;0;Ativo;0;1;Corporativo;300;Salvador;BA;501
598;Não-binário;Júnior;2024-12-22;;0;4813.1;2.0;4909.36;20;3;400;65;39.0;1.4;1;Desligado;1;1;Trabalhista;200;Rio de Janeiro;RJ;503
599;Feminino;Pleno;2023-03-29;;0;7680.12;16.0;8908.94;40;4;502;22;17.0;4.0;0;Desligado;1;1;Tributário;400;Belo Horizonte;MG;504
600;Feminino;Pleno;2022-02-23;;0;6991.31;11.0;7760.35;40;3;502;34;15.0;4.1;0;Desligado;1;1;Tributário;400;Rio de Janeiro;RJ;503
601;Feminino;Júnior;2024-01-03;;0;3804.92;5.0;3995.17;20;1;200;56;39.0;1.4;0;Ativo;0;1;Trabalhista;200;Salvador;BA;501
602;Feminino;Pleno;2020-04-24;2021-07-03;1;7587.34;10.0;8346.07;40;2;501;33;20.0;3.3;1;Ativo;0;1;Tributário;400;São Paulo;SP;502
603;Feminino;Júnior;2024-05-24;;0;3618.49;2.0;3690.86;20;1;300;68;51.0;2.0;1;Desligado;1;1;Trabalhista;200;Salvador;BA;501
604;Não-binário;Júnior;2025-03-30;;0;4672.1;2.0;4765.54;40;4;400;28;7.0;3.2;1;Ativo;0;1;Tributário;400;Belo Horizonte;MG;504
605;Não-binário;Júnior;2024-11-09;;0;4564.03;3.0;4700.95;40;3;400;24;21.0;3.3;1;Ativo;0;1;Tributário;400;Rio de Janeiro;RJ;503
606;Não-binário;Júnior;2025-05-03;;0;3969.78;4.0;4128.57;20;1;501;48;38.0;1.1;0;Ativo;0;1;Trabalhista;200;Salvador;BA;501
607;Feminino;Júnior;2024-06-15;;0;4312.35;3.0;4441.72;30;1;100;32;3.0;3.6;0;Ativo;0;1;Corporativo;300;Salvador;BA;501
608;Feminino;Sênior;2018-10-07;2021-10-06;1;11104.92;26.0;13992.2;10;4;502;35;13.0;5.0;0;Ativo;0;1;Civil;100;Belo Horizonte;MG;504
609;Masculino;Pleno;2020-07-25;2022-04-08;1;5950.56;14.0;6783.64;10;3;502;16;16.0;;0;Ativo;0;1;Civil;100;Rio de Janeiro;RJ;503
610;Feminino;Sócio;2013-10-21;2021-12-11;1;22186.3;45.0;32170.14;10;2;;21;13.0;4.3;0;Ativo;0;1;Civil;100;São Paulo;SP;502
611;Não-binário;Pleno;2021-05-04;;0;7331.16;11.0;8137.59;40;1;100;16;11.0;4.2;0;Desligado;1;1;Tributário;400;Salvador;BA;501
612;Masculino;Júnior;2024-06-22;;0;4901.08;7.0;5244.16;40;1;400;20;17.0;5.0;0;Ativo;0;1;Tributário;400;Salvador;BA;501
613;Não-binário;Sênior;2017-03-23;2022-03-22;1;13356.5;34.0;17897.71;20;1;502;64;45.0;1.5;0;Ativo;0;1;Trabalhista;200;Salvador;BA;501
614;Masculino;Júnior;2025-09-27;;0;4966.15;1.0;5015.81;40;4;400;21;14.0;3.5;0;Ativo;0;1;Tributário;400;Belo Horizonte;MG;504
615;Masculino;Júnior;2025-11-16;;0;3640.25;2.0;3713.06;10;2;400;35;5.0;4.9;0;Ativo;0;1;Civil;100;São Paulo;SP;502
616;Masculino;Sênior;2017-05-13;2022-05-12;1;10456.86;28.0;13384.78;40;2;200;29;6.0;4.9;0;Ativo;0;1;Tributário;400;São Paulo;SP;502
617;Não-binário;Pleno;2023-05-16;;0;5687.2;10.0;6255.92;20;3;300;45;56.0;1.6;1;Desligado;1;1;Trabalhista;200;Rio de Janeiro;RJ;503
618;Feminino;Júnior;2024-10-07;;0;4107.6;4.0;4271.9;20;1;400;50;36.0;1.1;0;Ativo;0;1;Trabalhista;200;Salvador;BA;501
619;Feminino;Sênior;2018-12-17;2024-12-15;1;13027.36;31.0;17065.84;30;3;501;12;19.0;4.6;0;Ativo;0;1;Corporativo;300;Rio de Janeiro;RJ;503
620;Não-binário;Pleno;2023-06-16;;0;7492.19;12.0;8391.25;20;1;100;49;50.0;2.2;1;Ativo;0;1;Trabalhista;200;Salvador;BA;501
621;Não-binário;Pleno;2022-07-11;2023-09-13;1;7416.75;18.0;8751.77;40;3;200;31;14.0;3.6;0;Ativo;0;1;Tributário;400;Rio de Janeiro;RJ;503
622;Masculino;Sênior;2017-02-03;2022-02-02;1;13404.91;34.0;17962.58;20;1;400;56;46.0;2.2;1;Ativo;0;1;Trabalhista;200;Salvador;BA;501
623;Feminino;Júnior;2025-03-14;;0;4059.68;4.0;4222.07;30;1;100;34;21.0;4.9;1;Ativo;0;1;Corporativo;300;Salvador;BA;501
624;Feminino;Júnior;2025-09-23;;0;4898.75;7.0;5241.66;10;1;502;28;20.0;4.7;1;Ativo;0;1;Civil;100;Salvador;BA;501
625;Feminino;Sênior;2021-05-11;;0;13353.54;34.0;17893.74;30;4;300;34;14.0;3.2;1;Ativo;0;1;Corporativo;300;Belo Horizonte;MG;504
626;Masculino;Pleno;2021-09-21;;0;7885.41;10.0;8673.95;20;3;501;49;46.0;2.2;0;Desligado;1;1;Trabalhista;200;Rio de Janeiro;RJ;503
627;Feminino;Júnior;2025-03-16;;0;3862.75;10.0;4249.03;30;3;300;24;7.0;3.9;0;Ativo;0;1;Corporativo;300;Rio de Janeiro;RJ;503
628;Feminino;Júnior;2025-12-28;;0;4701.76;2.0;4795.8;20;4;100;55;41.0;;0;Desligado;1;1;Trabalhista;200;Belo Horizonte;MG;504
629;Não-binário;Júnior;2024-06-05;;0;3541.73;7.0;3789.65;40;1;200;32;22.0;4.6;0;Ativo;0;1;Tributário;400;Salvador;BA;501
630;Masculino;Júnior;2025-07-02;;0;4760.69;1.0;4808.3;20;2;501;49;55.0;1.0;1;Desligado;1;1;Trabalhista;200;São Paulo;SP;502
631;Masculino;Sócio;2013-05-17;2017-04-24;1;18619.05;46.0;27183.81;10;1;;27;2.0;3.9;0;Ativo;0;1;Civil;100;Salvador;BA;501
632;Feminino;Pleno;2022-02-07;;0;7400.66;12.0;8288.74;40;1;100;30;22.0;4.3;1;Desligado;1;1;Tributário;400;Salvador;BA;501
633;Masculino;Júnior;2025-09-20;;0;4399.99;0.0;4399.99;10;3;200;29;2.0;4.1;0;Ativo;0;0;Civil;100;Rio de Janeiro;RJ;503
634;Feminino;Júnior;2024-01-31;;0;3991.31;3.0;4111.05;20;3;502;47;46.0;2.0;1;Desligado;1;1;Trabalhista;200;Rio de Janeiro;RJ;503
635;Não-binário;Sênior;2019-06-13;2025-06-11;1;10390.44;32.0;13715.38;30;4;200;30;11.0;3.5;0;Ativo;0;1;Corporativo;300;Belo Horizonte;MG;504
636;Masculino;Júnior;2025-09-02;;0;4620.62;5.0;4851.65;40;4;400;23;22.0;4.7;0;Ativo;0;1;Tributário;400;Belo Horizonte;MG;504
637;Não-binário;Sênior;2020-04-16;2026-04-15;1;12402.94;32.0;16371.88;20;1;200;50;45.0;1.6;0;Ativo;0;1;Trabalhista;200;Salvador;BA;501
638;Feminino;Pleno;2023-09-07;2025-03-15;1;7838.54;13.0;8857.55;30;2;501;30;12.0;4.8;0;Ativo;0;1;Corporativo;300;São Paulo;SP;502
639;Masculino;Pleno;2021-03-10;2022-12-04;1;7182.88;20.0;8619.46;10;4;100;22;12.0;3.6;1;Ativo;0;1;Civil;100;Belo Horizonte;MG;504
640;Feminino;Júnior;2025-03-07;;0;3678.89;0.0;3678.89;40;4;400;32;20.0;5.0;1;Ativo;0;0;Tributário;400;Belo Horizonte;MG;504
641;Masculino;Júnior;2025-06-30;;0;4877.05;4.0;5072.13;30;2;501;22;13.0;3.9;0;Ativo;0;1;Corporativo;300;São Paulo;SP;502
642;Não-binário;Pleno;2022-03-16;;0;8451.9;19.0;10057.76;30;4;100;12;9.0;3.3;0;Desligado;1;1;Corporativo;300;Belo Horizonte;MG;504
643;Masculino;Pleno;2021-04-08;;0;6073.48;10.0;6680.83;20;1;300;46;38.0;1.1;0;Desligado;1;1;Trabalhista;200;Salvador;BA;501
644;Masculino;Júnior;2025-01-23;;0;3904.87;9.0;4256.31;10;3;100;25;22.0;4.0;0;Ativo;0;1;Civil;100;Rio de Janeiro;RJ;503
645;Não-binário;Júnior;2024-10-14;;0;3982.87;8.0;4301.5;20;4;200;52;56.0;1.9;0;Desligado;1;1;Trabalhista;200;Belo Horizonte;MG;504
646;Masculino;Júnior;2024-08-05;;0;3519.69;9.0;3836.46;10;1;300;28;18.0;4.7;1;Ativo;0;1;Civil;100;Salvador;BA;501
647;Não-binário;Pleno;2020-09-23;;0;6590.93;16.0;7645.48;40;2;502;14;10.0;;1;Desligado;1;1;Tributário;400;São Paulo;SP;502
648;Feminino;Sócio;2013-03-14;2017-03-04;1;18228.69;51.0;27525.32;30;1;;15;19.0;3.4;1;Ativo;0;1;Corporativo;300;Salvador;BA;501
649;Feminino;Pleno;2022-10-25;;0;6501.22;16.0;7541.42;40;2;501;21;8.0;3.9;1;Desligado;1;1;Tributário;400;São Paulo;SP;502
650;Não-binário;Júnior;2024-04-21;;0;4521.74;4.0;4702.61;30;4;300;19;4.0;4.2;1;Ativo;0;1;Corporativo;300;Belo Horizonte;MG;504
